,flow,density
0,0.0,0.0
1,0.0,0.0
2,0.0,0.0
3,0.0,0.0
4,0.0,0.0
5,0.0,0.0
6,0.0,0.0
7,0.0,0.0
8,0.0,0.0
9,0.0,0.0
10,0.0,0.0
11,0.0,0.0
12,0.0,0.0
13,0.0,0.0
14,0.0,0.0
15,0.0,0.0
16,0.0,0.0
17,0.0,0.0
18,0.0,0.0
19,0.0,0.0
20,0.0,0.0
21,0.0,0.0
22,0.0,0.0
23,0.0,0.0
24,0.0,0.0
25,0.0,0.0
26,0.0,0.0
27,0.0,0.0
28,0.0,0.0
29,0.0,0.0
30,0.0,0.0
31,0.0,0.0
32,0.0,0.0
33,0.159,0.014
34,0.249,0.024
35,0.309,0.028
36,0.307,0.028
37,0.297,0.028
38,0.301,0.028
39,0.149,0.014
40,0.0,0.009
41,0.0,0.019
42,0.0,0.019
43,0.0,0.019
44,0.0,0.019
45,0.0,0.019
46,0.0,0.019
47,0.0,0.019
48,0.0,0.019
49,0.0,0.019
50,0.0,0.019
51,0.0,0.019
52,0.0,0.019
53,0.0,0.019
54,0.0,0.019
55,0.0,0.019
56,0.0,0.019
57,0.0,0.019
58,0.0,0.019
59,0.0,0.019
60,0.0,0.019
61,0.0,0.019
62,0.0,0.019
63,0.0,0.019
64,0.0,0.019
65,0.0,0.019
66,0.0,0.019
67,0.0,0.019
68,0.0,0.019
69,0.0,0.019
70,0.0,0.019
71,0.0,0.019
72,0.0,0.019
73,0.0,0.019
74,0.0,0.019
75,0.0,0.019
76,0.0,0.019
77,0.0,0.019
78,0.0,0.019
79,0.0,0.019
80,0.0,0.019
81,0.0,0.019
82,0.0,0.019
83,0.0,0.019
84,0.0,0.019
85,0.0,0.019
86,0.0,0.019
87,0.0,0.019
88,0.0,0.019
89,0.0,0.019
90,0.0,0.019
91,0.0,0.015
92,0.0,0.002
93,0.0,0.0
94,2.662,0.026
95,0.375,0.028
96,0.671,0.049
97,0.742,0.056
98,1.017,0.07
99,1.054,0.084
100,1.285,0.102
101,0.919,0.095
102,1.119,0.131
103,0.877,0.107
104,1.076,0.15
105,0.888,0.131
106,1.071,0.162
107,0.93,0.158
108,0.838,0.164
109,2.199,0.175
110,3.392,0.172
111,1.373,0.165
112,4.016,0.178
113,1.68,0.165
114,4.089,0.158
115,1.686,0.169
116,3.967,0.153
117,2.772,0.173
118,1.454,0.164
119,2.92,0.191
120,1.432,0.158
121,2.422,0.159
122,2.358,0.133
123,2.386,0.124
124,3.24,0.116
125,1.084,0.112
126,2.187,0.119
127,2.552,0.122
128,2.447,0.115
129,2.368,0.108
130,2.671,0.122
131,0.978,0.115
132,1.001,0.113
133,0.775,0.099
134,0.517,0.108
135,0.495,0.108
136,0.27,0.096
137,0.212,0.103
138,0.223,0.103
139,0.0,0.103
140,0.0,0.103
141,0.0,0.103
142,0.0,0.103
143,0.0,0.103
144,2.236,0.116
145,0.168,0.117
146,0.203,0.117
147,0.243,0.117
148,0.283,0.117
149,0.278,0.117
150,0.279,0.117
151,0.125,0.104
152,0.0,0.113
153,0.0,0.113
154,0.0,0.113
155,0.0,0.113
156,0.0,0.113
157,0.0,0.113
158,0.0,0.113
159,0.0,0.113
160,0.0,0.113
161,0.0,0.113
162,0.0,0.113
163,0.0,0.113
164,0.0,0.113
165,0.0,0.113
166,0.0,0.113
167,0.0,0.113
168,0.0,0.113
169,0.0,0.113
170,0.0,0.113
171,0.0,0.113
172,0.0,0.113
173,0.0,0.113
174,0.0,0.113
175,0.0,0.113
176,0.0,0.113
177,0.0,0.113
178,0.0,0.113
179,0.0,0.113
180,0.0,0.113
181,0.0,0.11
182,0.0,0.096
183,0.0,0.094
184,2.655,0.101
185,0.38,0.103
186,3.033,0.116
187,0.907,0.113
188,3.527,0.125
189,1.431,0.124
190,2.913,0.147
191,1.353,0.133
192,4.059,0.144
193,1.399,0.138
194,2.729,0.146
195,2.495,0.13
196,1.507,0.173
197,1.367,0.16
198,2.594,0.192
199,1.343,0.174
200,2.436,0.19
201,1.458,0.192
202,2.345,0.191
203,1.204,0.194
204,2.258,0.183
205,0.958,0.191
206,2.101,0.18
207,2.274,0.185
208,2.243,0.178
209,2.392,0.188
210,2.507,0.166
211,2.622,0.169
212,2.381,0.144
213,2.428,0.141
214,2.434,0.149
215,1.068,0.129
216,2.198,0.135
217,1.031,0.15
218,2.107,0.119
219,2.089,0.137
220,1.96,0.127
221,0.865,0.136
222,0.76,0.122
223,0.71,0.131
224,0.463,0.117
225,0.447,0.127
226,0.351,0.113
227,0.4,0.122
228,0.29,0.108
229,0.331,0.117
230,0.183,0.103
231,0.214,0.107
232,0.212,0.113
233,0.138,0.113
234,0.107,0.113
235,2.193,0.113
236,0.137,0.113
237,0.169,0.113
238,0.161,0.113
239,0.161,0.113
240,0.132,0.113
241,0.082,0.113
242,0.045,0.113
243,0.003,0.113
244,0.002,0.113
245,0.001,0.113
246,0.0,0.113
247,0.0,0.113
248,0.0,0.113
249,0.01,0.113
250,0.007,0.113
251,0.011,0.113
252,0.019,0.113
253,0.023,0.113
254,0.0,0.113
255,0.0,0.113
256,0.0,0.113
257,0.0,0.113
258,0.0,0.113
259,0.0,0.113
260,0.0,0.113
261,0.0,0.113
262,0.0,0.113
263,0.0,0.113
264,0.0,0.113
265,0.0,0.113
266,0.0,0.113
267,0.0,0.113
268,0.0,0.113
269,0.081,0.115
270,0.089,0.127
271,0.103,0.121
272,0.129,0.108
273,0.154,0.108
274,1.651,0.11
275,1.597,0.119
276,1.838,0.112
277,0.77,0.131
278,2.24,0.137
279,3.485,0.141
280,1.572,0.148
281,2.525,0.149
282,2.706,0.143
283,2.531,0.143
284,1.407,0.128
285,2.613,0.155
286,1.231,0.146
287,2.532,0.171
288,1.282,0.164
289,1.33,0.183
290,2.269,0.161
291,2.51,0.177
292,2.371,0.172
293,1.262,0.195
294,2.403,0.192
295,2.54,0.184
296,2.346,0.192
297,2.541,0.188
298,1.251,0.198
299,3.77,0.184
300,1.353,0.187
301,2.313,0.198
302,1.055,0.172
303,0.887,0.178
304,3.261,0.172
305,1.816,0.155
306,0.883,0.178
307,0.714,0.166
308,0.862,0.17
309,2.075,0.164
310,2.069,0.165
311,0.951,0.174
312,0.799,0.161
313,0.796,0.165
314,0.75,0.154
315,0.644,0.15
316,1.791,0.16
317,0.527,0.145
318,0.534,0.148
319,0.493,0.149
320,1.661,0.141
321,0.478,0.144
322,0.391,0.144
323,2.574,0.14
324,0.549,0.15
325,0.516,0.15
326,2.704,0.163
327,0.619,0.164
328,2.739,0.166
329,0.639,0.177
330,2.648,0.176
331,0.664,0.183
332,2.635,0.187
333,0.588,0.191
334,0.528,0.201
335,2.592,0.202
336,0.476,0.209
337,2.446,0.216
338,0.334,0.216
339,0.374,0.228
340,2.331,0.23
341,0.306,0.235
342,0.269,0.244
343,0.301,0.245
344,0.255,0.262
345,0.192,0.255
346,0.139,0.253
347,0.229,0.265
348,0.162,0.267
349,0.255,0.269
350,0.208,0.282
351,0.149,0.282
352,0.293,0.296
353,0.254,0.294
354,0.357,0.294
355,0.386,0.305
356,0.435,0.305
357,0.562,0.317
358,0.365,0.305
359,0.477,0.319
360,0.445,0.328
361,0.266,0.31
362,0.264,0.312
363,0.244,0.313
364,1.504,0.305
365,0.265,0.313
366,0.334,0.317
367,1.468,0.3
368,0.44,0.31
369,1.689,0.328
370,0.545,0.313
371,1.936,0.325
372,0.84,0.318
373,1.995,0.304
374,0.894,0.305
375,2.034,0.301
376,2.343,0.312
377,0.935,0.303
378,2.073,0.305
379,0.809,0.296
380,0.573,0.299
381,0.503,0.303
382,0.377,0.305
383,0.207,0.31
384,1.344,0.31
385,0.089,0.31
386,0.046,0.31
387,0.034,0.31
388,0.071,0.31
389,0.14,0.31
390,0.217,0.31
391,0.152,0.31
392,0.142,0.31
393,0.119,0.31
394,0.228,0.321
395,0.141,0.324
396,0.092,0.324
397,0.216,0.329
398,0.131,0.333
399,0.127,0.338
400,0.134,0.338
401,0.143,0.338
402,0.126,0.338
403,0.187,0.338
404,0.25,0.338
405,0.263,0.338
406,0.34,0.338
407,0.456,0.338
408,0.472,0.338
409,0.477,0.338
410,0.447,0.338
411,0.336,0.338
412,0.291,0.341
413,0.266,0.34
414,2.541,0.346
415,0.454,0.346
416,2.671,0.356
417,0.528,0.355
418,2.608,0.363
419,0.515,0.369
420,0.42,0.371
421,2.465,0.383
422,0.439,0.388
423,0.344,0.4
424,2.348,0.399
425,0.293,0.404
426,2.3,0.417
427,0.292,0.408
428,0.41,0.427
429,0.298,0.414
430,0.397,0.428
431,0.306,0.422
432,2.411,0.432
433,0.397,0.44
434,0.367,0.438
435,0.367,0.436
436,0.384,0.442
437,0.3,0.447
438,0.431,0.447
439,0.314,0.45
440,0.275,0.45
441,0.312,0.453
442,0.272,0.462
443,0.315,0.465
444,0.343,0.465
445,0.465,0.478
446,0.338,0.479
447,0.329,0.484
448,0.23,0.493
449,0.155,0.493
450,0.187,0.501
451,0.09,0.507
452,0.087,0.506
453,0.192,0.506
454,0.136,0.511
455,0.053,0.511
456,0.287,0.507
457,1.618,0.514
458,1.511,0.502
459,0.247,0.497
460,1.485,0.491
461,0.371,0.488
462,1.608,0.486
463,0.474,0.477
464,1.7,0.473
465,0.657,0.462
466,1.805,0.46
467,1.961,0.463
468,1.808,0.46
469,1.694,0.454
470,1.798,0.44
471,1.73,0.436
472,0.666,0.427
473,1.812,0.42
474,1.753,0.413
475,0.688,0.41
476,1.796,0.398
477,1.912,0.389
478,0.723,0.399
479,0.581,0.385
480,0.672,0.394
481,0.541,0.389
482,0.646,0.386
483,1.665,0.373
484,0.715,0.368
485,1.88,0.344
486,2.09,0.348
487,0.98,0.329
488,2.367,0.332
489,1.031,0.305
490,3.587,0.324
491,1.106,0.329
492,0.986,0.308
493,1.064,0.314
494,0.788,0.308
495,0.641,0.31
496,0.518,0.304
497,0.436,0.305
498,0.393,0.291
499,0.468,0.299
500,0.427,0.299
501,0.397,0.288
502,0.323,0.289
503,0.29,0.292
504,0.34,0.291
505,2.279,0.295
506,0.416,0.303
507,0.457,0.308
508,2.557,0.309
509,0.607,0.324
510,0.513,0.324
511,2.689,0.338
512,0.579,0.338
513,0.509,0.334
514,2.575,0.338
515,0.51,0.338
516,2.631,0.352
517,0.516,0.352
518,0.531,0.358
519,2.533,0.366
520,0.493,0.369
521,2.483,0.38
522,0.431,0.38
523,0.496,0.392
524,2.558,0.394
525,0.458,0.394
526,2.634,0.408
527,0.497,0.408
528,0.385,0.42
529,2.433,0.429
530,0.376,0.437
531,0.284,0.449
532,2.32,0.45
533,0.341,0.458
534,2.353,0.465
535,0.372,0.472
536,0.33,0.479
537,0.267,0.479
538,0.239,0.486
539,0.149,0.493
540,0.215,0.496
541,0.121,0.507
542,0.044,0.507
543,-0.007,0.507
544,0.001,0.507
545,0.0,0.507
546,-0.016,0.507
547,0.0,0.507
548,-0.016,0.507
549,0.0,0.507
550,0.0,0.507
551,-0.016,0.507
552,0.0,0.507
553,-0.016,0.507
554,0.002,0.507
555,0.003,0.507
556,-0.009,0.507
557,0.009,0.507
558,0.01,0.507
559,-0.003,0.507
560,0.015,0.507
561,0.003,0.507
562,0.024,0.507
563,0.03,0.507
564,0.025,0.507
565,0.098,0.507
566,0.145,0.507
567,0.135,0.507
568,0.146,0.507
569,0.192,0.507
570,0.161,0.508
571,0.229,0.509
572,0.231,0.503
573,0.269,0.502
574,0.217,0.502
575,0.404,0.51
576,0.266,0.514
577,1.487,0.507
578,1.571,0.507
579,0.497,0.507
580,0.583,0.514
581,0.447,0.519
582,1.688,0.52
583,0.477,0.521
584,0.358,0.521
585,0.43,0.521
586,0.344,0.521
587,0.25,0.521
588,0.274,0.521
589,0.141,0.526
590,0.143,0.52
591,0.054,0.515
592,0.09,0.52
593,0.094,0.514
594,0.203,0.515
595,2.317,0.519
596,0.281,0.52
597,2.393,0.521
598,0.449,0.521
599,0.477,0.521
600,2.568,0.521
601,0.428,0.521
602,0.445,0.521
603,2.526,0.521
604,0.393,0.521
605,2.554,0.53
606,0.421,0.535
607,0.444,0.535
608,2.515,0.539
609,0.381,0.545
610,2.48,0.551
611,0.397,0.556
612,2.426,0.559
613,0.347,0.561
614,0.287,0.562
615,2.293,0.563
616,0.201,0.563
617,2.289,0.563
618,0.218,0.563
619,2.256,0.563
620,0.179,0.563
621,0.119,0.563
622,0.058,0.563
623,0.02,0.563
624,0.01,0.563
625,0.005,0.563
626,0.004,0.563
627,0.001,0.563
628,0.001,0.563
629,0.0,0.563
630,0.0,0.563
631,0.0,0.56
632,0.0,0.553
633,0.0,0.546
634,1.155,0.544
635,0.093,0.544
636,0.032,0.535
637,1.214,0.534
638,1.307,0.522
639,1.445,0.516
640,0.322,0.507
641,1.549,0.507
642,1.613,0.497
643,1.763,0.497
644,0.453,0.488
645,1.724,0.488
646,0.445,0.479
647,1.718,0.474
648,0.472,0.471
649,1.713,0.455
650,1.679,0.457
651,0.66,0.451
652,1.883,0.438
653,0.749,0.436
654,1.87,0.415
655,1.99,0.425
656,0.845,0.407
657,1.954,0.403
658,0.943,0.389
659,2.152,0.376
660,0.978,0.375
661,2.083,0.354
662,2.224,0.361
663,1.077,0.34
664,2.361,0.348
665,1.046,0.327
666,2.241,0.335
667,0.944,0.324
668,2.036,0.311
669,2.044,0.319
670,0.802,0.305
671,0.978,0.324
672,0.909,0.315
673,0.878,0.318
674,0.875,0.317
675,0.729,0.312
676,0.627,0.316
677,0.5,0.312
678,0.498,0.302
679,0.408,0.31
680,0.359,0.297
681,0.258,0.297
682,0.182,0.306
683,0.113,0.289
684,0.213,0.295
685,0.173,0.299
686,0.22,0.295
687,0.363,0.305
688,0.324,0.31
689,0.368,0.32
690,0.316,0.324
691,0.328,0.324
692,0.381,0.335
693,0.257,0.338
694,0.338,0.35
695,0.259,0.352
696,0.192,0.352
697,0.252,0.366
698,0.162,0.366
699,0.245,0.38
700,0.162,0.38
701,0.218,0.394
702,0.12,0.394
703,0.06,0.394
704,0.104,0.399
705,0.071,0.408
706,0.064,0.408
707,0.191,0.414
708,0.103,0.418
709,0.076,0.42
710,0.105,0.422
711,0.157,0.422
712,0.18,0.422
713,0.152,0.422
714,0.164,0.422
715,0.148,0.422
716,0.35,0.436
717,0.248,0.436
718,0.256,0.445
719,0.16,0.45
720,0.11,0.45
721,0.128,0.446
722,0.113,0.432
723,0.061,0.432
724,1.439,0.44
725,0.212,0.436
726,1.508,0.44
727,1.516,0.433
728,1.539,0.432
729,0.485,0.422
730,3.068,0.416
731,0.629,0.404
732,1.89,0.398
733,2.87,0.393
734,0.73,0.375
735,1.826,0.375
736,1.87,0.366
737,1.922,0.359
738,3.132,0.344
739,0.821,0.335
740,1.823,0.315
741,1.904,0.314
742,1.985,0.303
743,0.882,0.284
744,3.272,0.289
745,0.89,0.256
746,3.128,0.262
747,0.933,0.231
748,3.115,0.235
749,2.04,0.22
750,1.026,0.202
751,3.215,0.194
752,0.766,0.186
753,2.024,0.168
754,1.814,0.144
755,0.845,0.145
756,1.978,0.131
757,1.927,0.13
758,2.015,0.123
759,0.889,0.114
760,2.107,0.106
761,0.775,0.099
762,0.683,0.108
763,0.566,0.094
764,0.462,0.103
765,1.573,0.103
766,0.377,0.103
767,0.383,0.103
768,0.337,0.103
769,0.351,0.103
770,0.281,0.103
771,0.251,0.103
772,0.209,0.103
773,0.188,0.103
774,0.112,0.103
775,0.187,0.108
776,0.162,0.117
777,0.263,0.117
778,0.289,0.131
779,0.296,0.131
780,0.421,0.141
781,0.407,0.145
782,0.35,0.141
783,0.371,0.155
784,0.413,0.155
785,0.39,0.153
786,0.386,0.164
787,0.248,0.153
788,0.273,0.16
789,0.125,0.145
790,0.122,0.155
791,0.127,0.155
792,0.121,0.155
793,0.0,0.141
794,0.0,0.15
795,0.0,0.15
796,0.0,0.15
797,0.0,0.15
798,0.0,0.15
799,0.0,0.15
800,0.0,0.15
801,0.0,0.15
802,0.0,0.15
803,0.0,0.15
804,0.0,0.15
805,0.0,0.15
806,0.0,0.15
807,0.0,0.15
808,0.0,0.15
809,0.0,0.15
810,0.0,0.15
811,0.0,0.147
812,0.0,0.132
813,0.004,0.131
814,1.221,0.131
815,0.153,0.126
816,0.136,0.122
817,1.367,0.119
818,0.238,0.111
819,1.449,0.106
820,1.577,0.097
821,1.556,0.094
822,0.366,0.084
823,2.632,0.081
824,0.421,0.067
825,1.691,0.056
826,1.664,0.055
827,1.749,0.038
828,1.65,0.038
829,1.704,0.033
830,0.383,0.028
831,1.487,0.027
832,0.364,0.019
833,0.195,0.019
834,1.34,0.019
835,0.093,0.011
836,0.077,0.009
837,0.067,0.009
838,0.098,0.009
839,0.134,0.009
840,0.121,0.009
841,0.143,0.008
842,0.175,0.002
843,0.208,0.0
844,0.166,0.0
845,0.256,0.0
846,0.294,0.0
847,1.442,0.0
848,0.349,0.0
849,0.317,0.0
850,0.352,0.0
851,0.322,0.0
852,1.551,0.0
853,0.407,0.0
854,0.329,0.0
855,0.312,0.0
856,0.287,0.0
857,0.252,0.0
858,0.171,0.0
859,0.144,0.0
860,0.132,0.0
861,0.113,0.0
862,0.076,0.0
863,0.058,0.0
864,0.056,0.0
865,0.04,0.0
866,0.04,0.0
867,0.032,0.0
868,0.037,0.0
869,0.023,0.0
870,0.015,0.0
871,0.015,0.0
872,0.008,0.0
873,0.006,0.0
874,0.002,0.0
875,0.002,0.0
876,0.001,0.0
877,0.0,0.0
878,0.0,0.0
879,0.0,0.0
880,0.0,0.0
881,0.0,0.0
882,0.0,0.0
883,0.0,0.0
884,0.0,0.0
885,0.0,0.0
886,0.0,0.0
887,0.0,0.0
888,0.0,0.0
889,0.0,0.0
890,0.0,0.0
891,0.0,0.0
892,0.0,0.0
893,0.0,0.0
894,0.0,0.0
895,0.0,0.0
896,0.0,0.0
897,0.0,0.0
898,0.0,0.0
899,0.0,0.0
900,0.0,0.0
901,0.0,0.0
902,0.0,0.0
903,0.0,0.0
904,0.016,0.0
905,0.0,0.0
906,0.016,0.0
907,0.151,0.01
908,0.176,0.014
909,0.148,0.014
910,0.173,0.014
911,0.17,0.014
912,0.307,0.028
913,0.12,0.023
914,0.153,0.023
915,0.186,0.023
916,0.176,0.023
917,0.346,0.038
918,0.157,0.023
919,0.164,0.033
920,0.277,0.035
921,0.314,0.038
922,0.147,0.028
923,1.369,0.033
924,0.149,0.033
925,0.311,0.041
926,0.147,0.034
927,1.525,0.047
928,0.337,0.047
929,0.501,0.054
930,0.549,0.059
931,1.654,0.06
932,0.4,0.059
933,0.456,0.07
934,0.555,0.072
935,0.431,0.07
936,1.448,0.056
937,0.279,0.066
938,0.262,0.057
939,0.128,0.042
940,0.145,0.049
941,1.085,0.028
942,0.016,0.037
943,1.195,0.028
944,0.016,0.028
945,1.068,0.019
946,0.0,0.019
947,1.179,0.012
948,0.0,0.009
949,0.0,0.009
950,1.133,0.009
951,0.0,0.009
952,0.0,0.009
953,0.0,0.009
954,0.0,0.009
955,0.0,0.009
956,0.0,0.009
957,0.0,0.009
958,0.0,0.009
959,0.0,0.009
960,0.0,0.009
961,0.0,0.009
962,0.0,0.009
963,0.0,0.009
964,0.0,0.009
965,0.0,0.009
966,0.0,0.009
967,0.0,0.009
968,0.0,0.009
969,0.0,0.009
970,0.0,0.009
971,0.0,0.009
972,0.0,0.009
973,0.0,0.009
974,0.0,0.009
975,0.0,0.009
976,0.0,0.009
977,0.0,0.009
978,0.0,0.009
979,0.0,0.009
980,0.0,0.009
981,0.0,0.009
982,0.0,0.009
983,0.0,0.009
984,0.0,0.009
985,0.0,0.009
986,0.0,0.009
987,0.0,0.009
988,0.0,0.009
989,0.0,0.009
990,0.0,0.009
991,0.0,0.007
992,0.0,0.0
993,0.0,0.0
994,1.27,0.014
995,0.122,0.014
996,0.268,0.028
997,0.27,0.028
998,0.386,0.04
999,0.401,0.042
1000,0.525,0.055
1001,0.375,0.051
1002,0.381,0.058
1003,0.384,0.061
1004,0.475,0.062
1005,0.402,0.071
1006,0.497,0.074
1007,0.427,0.07
1008,0.549,0.078
1009,0.461,0.072
1010,1.645,0.089
1011,0.448,0.075
1012,1.767,0.094
1013,0.438,0.085
1014,0.41,0.085
1015,0.386,0.087
1016,1.565,0.08
1017,0.412,0.085
1018,0.393,0.084
1019,1.593,0.088
1020,0.41,0.086
1021,1.558,0.083
1022,0.439,0.089
1023,1.576,0.083
1024,0.452,0.089
1025,0.377,0.074
1026,1.464,0.089
1027,0.392,0.084
1028,1.555,0.091
1029,0.241,0.076
1030,0.471,0.096
1031,1.459,0.089
1032,0.385,0.089
1033,0.238,0.073
1034,1.304,0.075
1035,0.146,0.064
1036,1.256,0.061
1037,0.016,0.052
1038,1.148,0.056
1039,0.0,0.056
1040,0.016,0.056
1041,0.0,0.056
1042,0.0,0.056
1043,0.0,0.056
1044,0.0,0.056
1045,0.0,0.056
1046,0.0,0.056
1047,0.0,0.056
1048,0.0,0.056
1049,0.0,0.056
1050,0.0,0.056
1051,0.0,0.056
1052,0.0,0.056
1053,0.0,0.056
1054,0.0,0.056
1055,0.0,0.056
1056,0.0,0.056
1057,0.0,0.056
1058,0.0,0.056
1059,0.0,0.056
1060,0.0,0.056
1061,0.0,0.056
1062,0.0,0.056
1063,0.0,0.056
1064,0.0,0.056
1065,0.0,0.056
1066,0.0,0.056
1067,0.0,0.056
1068,0.0,0.056
1069,0.0,0.056
1070,0.0,0.056
1071,0.0,0.056
1072,0.0,0.056
1073,0.0,0.056
1074,0.0,0.056
1075,0.0,0.056
1076,0.0,0.056
1077,0.0,0.056
1078,0.0,0.056
1079,0.0,0.056
1080,0.0,0.056
1081,0.0,0.054
1082,0.0,0.047
1083,0.0,0.047
1084,0.195,0.061
1085,1.313,0.066
1086,0.399,0.074
1087,1.556,0.089
1088,0.722,0.099
1089,1.86,0.113
1090,0.989,0.12
1091,0.893,0.127
1092,1.075,0.13
1093,2.012,0.127
1094,1.097,0.15
1095,2.03,0.144
1096,1.084,0.164
1097,0.83,0.162
1098,1.974,0.186
1099,0.891,0.172
1100,0.945,0.188
1101,0.945,0.177
1102,4.623,0.156
1103,2.455,0.181
1104,2.594,0.165
1105,2.879,0.187
1106,2.818,0.173
1107,2.733,0.188
1108,2.695,0.19
1109,2.687,0.189
1110,2.714,0.175
1111,1.441,0.197
1112,3.854,0.181
1113,1.368,0.192
1114,2.625,0.203
1115,2.569,0.196
1116,2.553,0.208
1117,2.534,0.212
1118,1.27,0.204
1119,2.583,0.213
1120,3.51,0.203
1121,1.277,0.216
1122,0.999,0.211
1123,0.913,0.209
1124,1.797,0.202
1125,0.513,0.207
1126,0.379,0.192
1127,0.246,0.189
1128,0.068,0.183
1129,0.056,0.188
1130,0.0,0.186
1131,0.0,0.178
1132,0.0,0.184
1133,0.0,0.188
1134,0.0,0.188
1135,0.0,0.188
1136,0.0,0.188
1137,0.0,0.188
1138,0.0,0.188
1139,0.0,0.188
1140,0.0,0.188
1141,0.0,0.188
1142,0.0,0.188
1143,0.0,0.188
1144,0.0,0.188
1145,0.0,0.188
1146,0.0,0.188
1147,0.0,0.188
1148,0.0,0.188
1149,0.0,0.188
1150,0.0,0.188
1151,0.0,0.188
1152,0.0,0.188
1153,0.0,0.188
1154,0.0,0.188
1155,0.0,0.188
1156,0.0,0.188
1157,0.0,0.188
1158,0.0,0.188
1159,0.0,0.188
1160,0.0,0.188
1161,0.0,0.188
1162,0.091,0.193
1163,0.091,0.202
1164,0.11,0.202
1165,0.263,0.216
1166,0.254,0.216
1167,0.281,0.216
1168,0.287,0.216
1169,0.295,0.217
1170,0.244,0.22
1171,0.237,0.22
1172,0.136,0.202
1173,0.152,0.192
1174,2.86,0.208
1175,0.498,0.202
1176,1.992,0.221
1177,2.199,0.211
1178,2.568,0.227
1179,2.665,0.223
1180,2.709,0.235
1181,2.952,0.234
1182,1.441,0.249
1183,2.667,0.265
1184,1.371,0.272
1185,1.274,0.295
1186,0.988,0.288
1187,1.208,0.319
1188,1.031,0.315
1189,0.939,0.333
1190,2.17,0.339
1191,0.78,0.339
1192,2.178,0.343
1193,3.317,0.339
1194,1.191,0.356
1195,1.098,0.357
1196,2.147,0.355
1197,0.991,0.372
1198,2.177,0.375
1199,1.037,0.371
1200,2.128,0.364
1201,1.034,0.375
1202,2.014,0.357
1203,2.08,0.351
1204,2.097,0.35
1205,0.995,0.362
1206,0.834,0.368
1207,0.885,0.349
1208,3.387,0.373
1209,2.006,0.366
1210,1.129,0.368
1211,0.917,0.358
1212,0.95,0.366
1213,0.56,0.361
1214,1.784,0.361
1215,0.451,0.347
1216,0.45,0.357
1217,0.265,0.346
1218,0.181,0.349
1219,0.214,0.346
1220,0.286,0.347
1221,0.205,0.341
1222,0.221,0.343
1223,0.165,0.331
1224,0.185,0.352
1225,0.21,0.352
1226,0.308,0.363
1227,0.106,0.361
1228,0.134,0.359
1229,0.172,0.357
1230,0.241,0.356
1231,0.276,0.357
1232,0.267,0.357
1233,0.133,0.349
1234,0.146,0.352
1235,0.166,0.352
1236,0.189,0.352
1237,0.046,0.346
1238,0.029,0.347
1239,0.019,0.347
1240,0.092,0.348
1241,0.097,0.361
1242,0.108,0.361
1243,0.196,0.362
1244,0.229,0.375
1245,0.269,0.375
1246,0.407,0.387
1247,0.248,0.381
1248,0.267,0.385
1249,0.399,0.395
1250,0.241,0.389
1251,0.357,0.402
1252,0.373,0.408
1253,0.224,0.398
1254,0.32,0.418
1255,0.255,0.418
1256,0.107,0.406
1257,0.223,0.421
1258,0.216,0.427
1259,0.258,0.427
1260,0.409,0.441
1261,0.217,0.427
1262,0.252,0.418
1263,0.277,0.418
1264,2.992,0.433
1265,0.525,0.42
1266,3.176,0.448
1267,0.608,0.418
1268,2.042,0.439
1269,2.074,0.443
1270,2.38,0.449
1271,0.998,0.431
1272,2.376,0.447
1273,2.264,0.427
1274,1.244,0.448
1275,1.014,0.438
1276,2.168,0.432
1277,2.213,0.427
1278,2.183,0.436
1279,2.4,0.421
1280,2.256,0.432
1281,2.422,0.429
1282,2.492,0.419
1283,2.449,0.427
1284,1.149,0.414
1285,2.323,0.413
1286,2.416,0.425
1287,2.335,0.413
1288,1.196,0.435
1289,1.068,0.429
1290,1.058,0.429
1291,0.97,0.429
1292,3.451,0.422
1293,1.005,0.436
1294,2.152,0.42
1295,2.102,0.429
1296,1.055,0.423
1297,2.109,0.408
1298,1.162,0.413
1299,2.111,0.407
1300,2.128,0.402
1301,0.887,0.421
1302,0.698,0.41
1303,0.721,0.416
1304,0.666,0.417
1305,1.688,0.418
1306,0.39,0.404
1307,0.459,0.413
1308,0.25,0.401
1309,0.219,0.408
1310,0.102,0.394
1311,0.117,0.404
1312,0.157,0.404
1313,0.199,0.404
1314,0.188,0.413
1315,0.164,0.413
1316,0.275,0.418
1317,0.316,0.427
1318,0.382,0.427
1319,0.56,0.441
1320,0.375,0.432
1321,0.35,0.442
1322,0.348,0.446
1323,0.33,0.439
1324,0.357,0.455
1325,0.397,0.455
1326,0.387,0.455
1327,0.387,0.465
1328,0.39,0.466
1329,0.405,0.474
1330,0.355,0.471
1331,0.384,0.477
1332,0.419,0.483
1333,0.4,0.485
1334,0.356,0.493
1335,0.351,0.482
1336,0.354,0.501
1337,0.243,0.502
1338,0.273,0.489
1339,0.299,0.497
1340,0.287,0.497
1341,0.173,0.483
1342,0.261,0.493
1343,0.203,0.497
1344,0.21,0.497
1345,0.362,0.519
1346,0.283,0.511
1347,0.391,0.517
1348,0.366,0.521
1349,0.331,0.521
1350,0.411,0.535
1351,0.289,0.531
1352,0.23,0.516
1353,0.183,0.516
1354,1.716,0.538
1355,1.516,0.527
1356,1.671,0.54
1357,0.675,0.544
1358,3.148,0.55
1359,0.907,0.546
1360,1.982,0.564
1361,1.96,0.548
1362,1.857,0.554
1363,2.091,0.55
1364,1.989,0.533
1365,0.931,0.535
1366,3.172,0.53
1367,2.268,0.537
1368,2.091,0.534
1369,0.933,0.519
1370,3.29,0.513
1371,2.199,0.498
1372,1.017,0.493
1373,3.133,0.478
1374,1.006,0.469
1375,3.275,0.451
1376,2.081,0.446
1377,2.19,0.442
1378,1.07,0.421
1379,2.252,0.421
1380,2.22,0.42
1381,2.197,0.402
1382,2.29,0.411
1383,0.992,0.399
1384,2.226,0.408
1385,1.092,0.403
1386,2.084,0.404
1387,0.966,0.395
1388,1.982,0.385
1389,2.216,0.396
1390,1.003,0.4
1391,0.916,0.398
1392,0.906,0.389
1393,0.798,0.375
1394,0.641,0.385
1395,1.643,0.38
1396,0.357,0.372
1397,0.38,0.375
1398,0.3,0.375
1399,0.163,0.375
1400,0.097,0.371
1401,0.121,0.371
1402,0.144,0.371
1403,0.08,0.364
1404,0.084,0.38
1405,0.106,0.379
1406,0.226,0.385
1407,0.253,0.392
1408,0.273,0.394
1409,0.38,0.404
1410,0.178,0.394
1411,0.357,0.413
1412,0.368,0.413
1413,0.527,0.421
1414,0.425,0.423
1415,0.481,0.422
1416,0.471,0.422
1417,0.464,0.432
1418,0.457,0.44
1419,0.21,0.441
1420,0.191,0.432
1421,0.344,0.45
1422,0.314,0.45
1423,0.475,0.459
1424,0.362,0.458
1425,0.484,0.462
1426,0.366,0.46
1427,0.382,0.469
1428,0.512,0.479
1429,0.36,0.469
1430,0.431,0.483
1431,0.325,0.479
1432,0.46,0.49
1433,0.387,0.489
1434,0.426,0.497
1435,0.518,0.509
1436,0.371,0.497
1437,0.436,0.508
1438,0.3,0.509
1439,0.261,0.507
1440,0.254,0.507
1441,0.24,0.5
1442,0.212,0.488
1443,0.126,0.488
1444,1.487,0.501
1445,1.461,0.502
1446,0.528,0.511
1447,0.435,0.526
1448,1.712,0.517
1449,1.871,0.526
1450,0.606,0.515
1451,1.945,0.511
1452,2.051,0.516
1453,2.056,0.518
1454,0.893,0.523
1455,1.922,0.521
1456,0.657,0.523
1457,0.54,0.524
1458,3.133,0.515
1459,0.689,0.507
1460,0.621,0.503
1461,2.064,0.509
1462,2.096,0.488
1463,2.151,0.496
1464,1.965,0.492
1465,2.084,0.479
1466,0.777,0.479
1467,2.114,0.47
1468,1.98,0.462
1469,0.881,0.463
1470,1.925,0.456
1471,1.845,0.461
1472,0.82,0.432
1473,1.881,0.441
1474,2.009,0.424
1475,2.11,0.431
1476,2.144,0.408
1477,0.977,0.408
1478,3.518,0.393
1479,2.247,0.399
1480,2.46,0.385
1481,1.179,0.394
1482,0.975,0.385
1483,0.749,0.384
1484,0.577,0.38
1485,0.663,0.385
1486,0.341,0.38
1487,0.237,0.379
1488,0.162,0.375
1489,0.201,0.375
1490,0.149,0.375
1491,0.139,0.375
1492,0.071,0.375
1493,0.097,0.375
1494,0.261,0.389
1495,0.237,0.389
1496,0.114,0.375
1497,0.248,0.396
1498,0.242,0.399
1499,0.345,0.4
1500,0.35,0.413
1501,0.2,0.408
1502,0.31,0.415
1503,0.308,0.422
1504,0.431,0.423
1505,0.344,0.422
1506,0.344,0.432
1507,0.304,0.432
1508,0.285,0.441
1509,0.366,0.452
1510,0.191,0.441
1511,0.319,0.459
1512,0.316,0.465
1513,0.35,0.465
1514,0.508,0.479
1515,0.362,0.465
1516,0.463,0.48
1517,0.351,0.476
1518,0.344,0.474
1519,0.382,0.493
1520,0.404,0.493
1521,0.411,0.493
1522,0.38,0.499
1523,0.262,0.495
1524,0.27,0.491
1525,0.291,0.497
1526,0.229,0.483
1527,0.177,0.483
1528,0.149,0.483
1529,0.126,0.483
1530,0.112,0.483
1531,0.068,0.483
1532,0.06,0.463
1533,0.064,0.46
1534,2.612,0.461
1535,0.344,0.459
1536,1.658,0.465
1537,0.651,0.469
1538,1.89,0.477
1539,0.635,0.474
1540,0.472,0.482
1541,1.537,0.479
1542,1.63,0.474
1543,0.405,0.461
1544,1.58,0.459
1545,0.571,0.45
1546,1.615,0.455
1547,0.618,0.443
1548,1.748,0.429
1549,2.911,0.428
1550,0.685,0.404
1551,1.975,0.413
1552,1.881,0.387
1553,1.838,0.385
1554,0.786,0.38
1555,3.142,0.37
1556,1.94,0.361
1557,0.761,0.339
1558,3.166,0.343
1559,0.709,0.317
1560,1.773,0.314
1561,3.065,0.31
1562,0.717,0.305
1563,1.717,0.296
1564,1.939,0.289
1565,0.665,0.277
1566,2.967,0.264
1567,0.551,0.263
1568,0.404,0.263
1569,1.484,0.255
1570,0.237,0.253
1571,0.281,0.251
1572,0.164,0.244
1573,0.167,0.244
1574,0.198,0.244
1575,0.207,0.244
1576,1.355,0.244
1577,0.302,0.244
1578,1.449,0.244
1579,0.321,0.244
1580,0.304,0.244
1581,0.33,0.244
1582,0.325,0.244
1583,0.291,0.244
1584,0.272,0.244
1585,0.215,0.245
1586,0.178,0.244
1587,0.147,0.242
1588,0.136,0.241
1589,0.087,0.24
1590,0.074,0.24
1591,0.072,0.239
1592,0.074,0.239
1593,0.06,0.239
1594,0.073,0.239
1595,0.061,0.239
1596,0.073,0.239
1597,0.071,0.239
1598,0.077,0.239
1599,0.072,0.239
1600,0.065,0.239
1601,0.067,0.239
1602,0.069,0.239
1603,0.066,0.239
1604,0.073,0.239
1605,0.054,0.239
1606,0.044,0.239
1607,0.025,0.239
1608,0.021,0.239
1609,0.016,0.239
1610,0.007,0.239
1611,0.006,0.239
1612,0.007,0.239
1613,0.001,0.239
1614,0.001,0.239
1615,0.0,0.239
1616,0.0,0.239
1617,0.0,0.239
1618,0.0,0.239
1619,0.001,0.239
1620,0.001,0.239
1621,0.0,0.235
1622,0.0,0.222
1623,0.009,0.222
1624,1.187,0.221
1625,0.101,0.221
1626,0.093,0.219
1627,1.379,0.211
1628,0.223,0.211
1629,1.488,0.211
1630,0.323,0.211
1631,0.31,0.211
1632,0.293,0.211
1633,0.248,0.211
1634,0.154,0.211
1635,0.095,0.211
1636,0.024,0.211
1637,0.01,0.211
1638,0.008,0.211
1639,-0.009,0.211
1640,0.006,0.211
1641,0.006,0.211
1642,-0.009,0.211
1643,0.006,0.211
1644,-0.009,0.211
1645,0.012,0.211
1646,0.01,0.211
1647,0.011,0.211
1648,0.043,0.211
1649,0.036,0.211
1650,0.042,0.211
1651,0.057,0.211
1652,-0.015,0.211
1653,0.0,0.211
1654,-0.016,0.211
1655,0.0,0.211
1656,0.0,0.211
1657,-0.016,0.211
1658,0.0,0.211
1659,-0.016,0.211
1660,0.0,0.211
1661,0.0,0.209
1662,0.0,0.204
1663,0.0,0.202
1664,0.0,0.202
1665,1.111,0.202
1666,0.0,0.202
1667,0.0,0.202
1668,0.0,0.202
1669,0.0,0.202
1670,0.0,0.202
1671,0.0,0.202
1672,0.0,0.202
1673,0.0,0.202
1674,0.0,0.202
1675,0.001,0.202
1676,0.001,0.201
1677,0.009,0.2
1678,0.016,0.2
1679,0.014,0.199
1680,0.025,0.199
1681,0.035,0.197
1682,0.038,0.197
1683,0.041,0.197
1684,0.038,0.197
1685,0.038,0.197
1686,0.031,0.197
1687,0.031,0.197
1688,2.146,0.197
1689,0.086,0.197
1690,0.103,0.197
1691,0.12,0.197
1692,0.121,0.197
1693,0.126,0.197
1694,0.123,0.197
1695,0.12,0.197
1696,0.001,0.197
1697,0.0,0.197
1698,0.0,0.197
1699,0.0,0.197
1700,0.0,0.197
1701,0.0,0.197
1702,0.0,0.197
1703,0.0,0.197
1704,0.0,0.197
1705,0.0,0.197
1706,0.0,0.197
1707,0.0,0.197
1708,0.0,0.197
1709,0.0,0.197
1710,0.0,0.197
1711,0.0,0.197
1712,0.0,0.197
1713,-0.016,0.197
1714,0.0,0.197
1715,0.0,0.197
1716,-0.016,0.197
1717,0.0,0.197
1718,-0.016,0.197
1719,0.0,0.197
1720,0.0,0.197
1721,-0.016,0.197
1722,0.0,0.197
1723,-0.016,0.197
1724,0.0,0.197
1725,0.001,0.197
1726,-0.015,0.197
1727,0.002,0.197
1728,0.003,0.197
1729,-0.011,0.197
1730,0.006,0.197
1731,-0.009,0.197
1732,0.006,0.197
1733,0.005,0.197
1734,-0.011,0.197
1735,0.004,0.197
1736,0.004,0.197
1737,0.002,0.197
1738,0.002,0.197
1739,0.001,0.197
1740,0.001,0.197
1741,0.0,0.197
1742,0.0,0.197
1743,0.0,0.197
1744,0.0,0.197
1745,0.0,0.197
1746,0.0,0.197
1747,0.0,0.197
1748,0.0,0.197
1749,0.0,0.197
1750,0.0,0.197
1751,0.0,0.197
1752,0.0,0.197
1753,0.0,0.197
1754,0.0,0.197
1755,0.0,0.197
1756,0.0,0.197
1757,0.0,0.197
1758,0.0,0.197
1759,0.0,0.197
1760,0.0,0.197
1761,0.0,0.197
1762,0.0,0.197
1763,0.0,0.197
1764,0.0,0.197
1765,0.0,0.197
1766,0.0,0.197
1767,0.0,0.197
1768,0.0,0.197
1769,0.0,0.197
1770,0.0,0.197
1771,0.0,0.197
1772,0.0,0.197
1773,0.0,0.197
1774,0.0,0.197
1775,0.0,0.197
1776,0.0,0.197
1777,0.0,0.197
1778,0.0,0.197
1779,0.0,0.197
1780,0.0,0.197
1781,0.0,0.197
1782,0.0,0.197
1783,0.0,0.197
1784,0.0,0.197
1785,0.0,0.197
1786,0.0,0.197
1787,0.0,0.197
1788,0.0,0.197
1789,0.0,0.197
1790,0.0,0.197
1791,0.0,0.197
1792,0.0,0.197
1793,0.0,0.197
1794,0.0,0.197
1795,0.0,0.197
1796,0.0,0.197
1797,0.0,0.197
1798,0.0,0.197
1799,0.0,0.197
1800,0.0,0.197
1801,0.0,0.197
1802,0.0,0.197
1803,-0.016,0.197
1804,0.0,0.197
1805,0.0,0.197
1806,-0.016,0.197
1807,0.0,0.197
1808,0.0,0.197
1809,-0.016,0.197
1810,0.0,0.197
1811,0.0,0.197
1812,-0.016,0.197
1813,0.0,0.197
1814,-0.016,0.197
1815,0.0,0.197
1816,0.0,0.197
1817,-0.016,0.197
1818,0.0,0.197
1819,0.0,0.197
1820,0.0,0.197
1821,0.0,0.197
1822,0.0,0.197
1823,0.0,0.197
1824,0.0,0.197
1825,0.0,0.197
1826,0.0,0.197
1827,0.0,0.197
1828,0.0,0.197
1829,0.0,0.197
1830,0.0,0.197
1831,0.0,0.197
1832,0.0,0.197
1833,0.0,0.197
1834,0.0,0.197
1835,0.0,0.197
1836,0.0,0.197
1837,0.0,0.197
1838,0.0,0.197
1839,0.0,0.197
1840,0.0,0.193
1841,0.0,0.188
1842,0.0,0.188
1843,0.0,0.182
1844,0.0,0.178
1845,1.111,0.178
1846,0.0,0.178
1847,0.0,0.178
1848,0.0,0.178
1849,1.122,0.178
1850,0.0,0.178
1851,0.0,0.178
1852,0.0,0.178
1853,2.073,0.178
1854,0.066,0.179
1855,0.084,0.181
1856,0.107,0.177
1857,0.139,0.174
1858,0.186,0.178
1859,0.186,0.171
1860,0.201,0.171
1861,0.206,0.168
1862,0.085,0.169
1863,0.078,0.169
1864,0.045,0.169
1865,0.032,0.169
1866,0.017,0.169
1867,0.016,0.169
1868,0.007,0.169
1869,0.004,0.169
1870,0.003,0.169
1871,0.003,0.169
1872,0.001,0.169
1873,0.0,0.169
1874,0.0,0.169
1875,0.0,0.169
1876,0.0,0.169
1877,0.0,0.169
1878,0.0,0.169
1879,0.0,0.169
1880,0.0,0.169
1881,0.0,0.169
1882,0.0,0.169
1883,0.0,0.169
1884,0.0,0.169
1885,0.0,0.169
1886,0.0,0.169
1887,0.0,0.169
1888,0.0,0.169
1889,0.0,0.169
1890,0.0,0.169
1891,0.0,0.169
1892,0.0,0.169
1893,-0.016,0.169
1894,0.0,0.169
1895,0.0,0.169
1896,-0.016,0.169
1897,0.0,0.169
1898,0.0,0.169
1899,-0.016,0.169
1900,0.0,0.169
1901,-0.016,0.169
1902,0.0,0.169
1903,0.0,0.169
1904,-0.016,0.169
1905,0.001,0.169
1906,0.001,0.169
1907,-0.014,0.169
1908,0.003,0.169
1909,0.005,0.169
1910,0.005,0.169
1911,0.005,0.169
1912,0.004,0.169
1913,0.004,0.169
1914,0.002,0.169
1915,0.001,0.169
1916,0.001,0.169
1917,0.0,0.169
1918,0.0,0.169
1919,0.0,0.169
1920,0.0,0.169
1921,-0.016,0.169
1922,0.0,0.169
1923,0.0,0.169
1924,0.0,0.169
1925,-0.016,0.169
1926,0.0,0.169
1927,-0.016,0.169
1928,0.0,0.169
1929,0.0,0.169
1930,-0.016,0.169
1931,0.0,0.169
1932,0.0,0.166
1933,0.0,0.161
1934,0.0,0.16
1935,0.0,0.16
1936,1.064,0.15
1937,0.0,0.15
1938,0.0,0.15
1939,1.091,0.15
1940,0.0,0.15
1941,0.0,0.15
1942,0.0,0.15
1943,0.0,0.15
1944,2.107,0.15
1945,0.073,0.15
1946,0.095,0.15
1947,0.108,0.15
1948,0.125,0.151
1949,0.122,0.152
1950,0.129,0.145
1951,0.154,0.147
1952,0.136,0.147
1953,0.06,0.146
1954,0.058,0.141
1955,0.055,0.141
1956,0.022,0.141
1957,0.016,0.141
1958,0.005,0.141
1959,0.006,0.141
1960,0.003,0.141
1961,0.002,0.141
1962,0.001,0.141
1963,0.0,0.141
1964,0.0,0.141
1965,0.0,0.141
1966,0.0,0.141
1967,0.0,0.141
1968,0.0,0.141
1969,0.0,0.141
1970,0.0,0.141
1971,0.0,0.141
1972,0.0,0.141
1973,0.0,0.141
1974,0.0,0.141
1975,0.0,0.141
1976,0.0,0.141
1977,2.134,0.141
1978,0.069,0.141
1979,0.09,0.141
1980,0.109,0.141
1981,0.119,0.139
1982,0.128,0.132
1983,0.111,0.131
1984,0.129,0.131
1985,1.101,0.131
1986,-0.016,0.131
1987,0.0,0.131
1988,0.0,0.131
1989,-0.016,0.131
1990,0.0,0.131
1991,0.0,0.131
1992,-0.016,0.131
1993,0.0,0.131
1994,-0.016,0.131
1995,0.002,0.131
1996,0.007,0.131
1997,-0.011,0.132
1998,0.005,0.134
1999,0.011,0.13
2000,0.004,0.127
2001,0.021,0.127
2002,-0.007,0.127
2003,0.004,0.127
2004,0.003,0.127
2005,-0.013,0.127
2006,0.001,0.127
2007,0.0,0.127
2008,0.0,0.124
2009,0.0,0.117
2010,0.0,0.117
2011,-0.016,0.113
2012,1.069,0.108
2013,0.0,0.108
2014,1.084,0.101
2015,0.0,0.099
2016,-0.016,0.099
2017,1.118,0.089
2018,0.0,0.089
2019,-0.016,0.087
2020,0.0,0.08
2021,0.0,0.08
2022,0.002,0.079
2023,1.114,0.077
2024,0.0,0.078
2025,0.0,0.068
2026,0.0,0.066
2027,0.0,0.075
2028,0.0,0.075
2029,1.058,0.075
2030,0.0,0.075
2031,0.0,0.075
2032,0.0,0.075
2033,0.0,0.075
2034,1.059,0.075
2035,0.0,0.075
2036,0.0,0.075
2037,0.0,0.075
2038,0.0,0.075
2039,0.0,0.075
2040,0.0,0.075
2041,0.0,0.075
2042,0.0,0.075
2043,0.0,0.075
2044,0.0,0.075
2045,0.0,0.075
2046,0.0,0.075
2047,0.0,0.075
2048,0.0,0.075
2049,0.0,0.075
2050,0.0,0.075
2051,0.0,0.075
2052,0.0,0.075
2053,0.0,0.075
2054,0.0,0.075
2055,0.0,0.075
2056,0.0,0.075
2057,0.0,0.075
2058,0.0,0.075
2059,0.0,0.075
2060,0.0,0.075
2061,0.0,0.075
2062,0.0,0.075
2063,0.0,0.075
2064,0.0,0.075
2065,0.0,0.075
2066,0.0,0.075
2067,0.0,0.075
2068,0.0,0.075
2069,2.093,0.075
2070,0.07,0.075
2071,0.084,0.075
2072,0.098,0.075
2073,0.105,0.075
2074,0.119,0.075
2075,0.125,0.075
2076,0.101,0.075
2077,0.125,0.075
2078,-0.016,0.075
2079,0.0,0.075
2080,0.0,0.075
2081,-0.016,0.075
2082,0.0,0.075
2083,-0.016,0.075
2084,0.0,0.075
2085,0.0,0.075
2086,-0.016,0.075
2087,0.0,0.075
2088,-0.016,0.075
2089,0.0,0.075
2090,0.0,0.075
2091,-0.016,0.075
2092,0.0,0.075
2093,-0.016,0.075
2094,0.0,0.075
2095,0.0,0.075
2096,-0.016,0.075
2097,0.0,0.073
2098,0.0,0.066
2099,-0.016,0.066
2100,0.0,0.06
2101,1.056,0.056
2102,-0.016,0.056
2103,0.0,0.049
2104,1.041,0.047
2105,0.0,0.046
2106,0.0,0.038
2107,-0.016,0.038
2108,0.0,0.038
2109,1.042,0.036
2110,0.0,0.028
2111,0.0,0.028
2112,0.0,0.028
2113,0.0,0.028
2114,1.058,0.027
2115,0.0,0.024
2116,0.0,0.022
2117,0.0,0.02
2118,0.0,0.019
2119,0.0,0.019
2120,1.057,0.019
2121,0.0,0.019
2122,0.0,0.019
2123,0.0,0.019
2124,2.131,0.019
2125,0.074,0.019
2126,1.176,0.019
2127,0.103,0.019
2128,0.118,0.019
2129,0.126,0.019
2130,0.121,0.019
2131,0.122,0.019
2132,0.0,0.019
2133,0.0,0.019
2134,0.0,0.019
2135,0.0,0.019
2136,0.0,0.019
2137,0.0,0.019
2138,0.0,0.019
2139,0.0,0.019
2140,0.0,0.019
2141,0.0,0.019
2142,0.0,0.019
2143,0.0,0.019
2144,0.0,0.019
2145,0.0,0.019
2146,0.0,0.019
2147,0.0,0.019
2148,0.0,0.019
2149,0.0,0.019
2150,0.0,0.019
2151,0.0,0.019
2152,0.0,0.019
2153,0.0,0.019
2154,0.0,0.019
2155,0.0,0.019
2156,0.0,0.019
2157,0.0,0.019
2158,0.0,0.019
2159,0.0,0.019
2160,0.0,0.019
2161,0.0,0.019
2162,0.0,0.019
2163,-0.016,0.019
2164,0.0,0.019
2165,0.0,0.019
2166,-0.016,0.019
2167,0.0,0.019
2168,0.0,0.019
2169,-0.016,0.019
2170,0.0,0.019
2171,-0.016,0.019
2172,0.0,0.019
2173,0.0,0.019
2174,-0.016,0.019
2175,0.0,0.019
2176,-0.016,0.019
2177,0.0,0.019
2178,0.0,0.019
2179,-0.016,0.019
2180,0.0,0.019
2181,-0.016,0.019
2182,0.0,0.019
2183,0.0,0.019
2184,-0.016,0.019
2185,0.0,0.019
2186,0.0,0.019
2187,-0.016,0.019
2188,0.0,0.015
2189,0.0,0.009
2190,-0.016,0.009
2191,0.0,0.006
2192,1.044,0.0
2193,0.0,0.0
2194,0.0,0.0
2195,1.057,0.0
2196,-0.016,0.0
2197,0.0,0.0
2198,-0.016,0.0
2199,0.0,0.0
2200,0.0,0.0
2201,0.0,0.0
2202,0.0,0.0
2203,0.0,0.0
2204,0.0,0.0
2205,0.0,0.0
2206,0.0,0.0
2207,0.0,0.0
2208,0.0,0.0
2209,0.0,0.0
2210,0.0,0.0
2211,0.0,0.0
2212,0.0,0.0
2213,0.0,0.0
2214,0.0,0.0
2215,0.0,0.0
2216,0.0,0.0
2217,0.0,0.0
2218,0.0,0.0
2219,0.0,0.0
2220,0.0,0.0
2221,0.0,0.0
2222,0.0,0.0
2223,0.0,0.0
2224,0.0,0.0
2225,0.0,0.0
2226,0.0,0.0
2227,0.0,0.0
2228,0.0,0.0
2229,0.0,0.0
2230,0.0,0.0
2231,0.0,0.0
2232,0.0,0.0
2233,0.0,0.0
2234,0.0,0.0
2235,0.0,0.0
2236,0.0,0.0
2237,0.0,0.0
2238,0.0,0.0
2239,0.0,0.0
2240,0.0,0.0
2241,0.0,0.0
2242,0.0,0.0
2243,0.0,0.0
2244,0.0,0.0
2245,0.0,0.0
2246,0.0,0.0
2247,0.0,0.0
2248,0.0,0.0
2249,0.0,0.0
2250,0.0,0.0
2251,0.0,0.0
2252,0.0,0.0
2253,0.199,0.014
2254,0.168,0.014
2255,0.379,0.028
2256,0.321,0.028
2257,0.33,0.028
2258,0.346,0.028
2259,0.302,0.038
2260,0.154,0.025
2261,0.134,0.033
2262,0.153,0.033
2263,0.151,0.033
2264,-0.016,0.019
2265,1.311,0.019
2266,0.358,0.023
2267,1.599,0.023
2268,0.591,0.038
2269,0.599,0.038
2270,0.457,0.028
2271,1.688,0.028
2272,0.283,0.019
2273,0.297,0.023
2274,0.337,0.024
2275,0.297,0.033
2276,0.267,0.046
2277,0.289,0.047
2278,0.474,0.061
2279,0.432,0.061
2280,0.313,0.045
2281,1.608,0.046
2282,0.268,0.025
2283,1.619,0.033
2284,0.241,0.028
2285,0.402,0.042
2286,0.373,0.037
2287,1.564,0.033
2288,0.418,0.023
2289,1.677,0.038
2290,0.561,0.028
2291,1.669,0.016
2292,0.596,0.023
2293,0.436,0.023
2294,0.439,0.023
2295,0.149,0.02
2296,0.155,0.019
2297,0.0,0.019
2298,0.0,0.019
2299,0.0,0.019
2300,0.0,0.019
2301,0.0,0.019
2302,0.0,0.019
2303,0.0,0.019
2304,0.0,0.019
2305,0.0,0.019
2306,0.0,0.019
2307,0.0,0.019
2308,0.0,0.019
2309,0.0,0.019
2310,0.0,0.019
2311,0.0,0.019
2312,0.0,0.019
2313,0.0,0.019
2314,0.0,0.019
2315,0.0,0.019
2316,0.0,0.019
2317,0.0,0.019
2318,0.0,0.019
2319,0.0,0.019
2320,0.0,0.019
2321,0.0,0.019
2322,0.0,0.019
2323,0.0,0.019
2324,0.0,0.019
2325,0.0,0.019
2326,0.0,0.019
2327,0.0,0.019
2328,0.0,0.019
2329,0.0,0.019
2330,0.0,0.019
2331,0.0,0.019
2332,0.0,0.019
2333,0.0,0.019
2334,0.0,0.019
2335,0.0,0.019
2336,0.0,0.019
2337,0.0,0.019
2338,0.0,0.019
2339,0.0,0.019
2340,0.0,0.019
2341,0.0,0.015
2342,0.0,0.003
2343,-0.016,0.0
2344,1.451,0.014
2345,1.528,0.014
2346,0.463,0.019
2347,0.498,0.028
2348,0.542,0.028
2349,0.707,0.042
2350,0.553,0.038
2351,0.585,0.052
2352,0.35,0.045
2353,0.408,0.061
2354,0.557,0.075
2355,0.42,0.068
2356,0.56,0.084
2357,0.41,0.061
2358,1.956,0.082
2359,1.91,0.065
2360,0.856,0.084
2361,0.826,0.092
2362,0.731,0.079
2363,1.955,0.094
2364,0.69,0.072
2365,2.012,0.094
2366,0.756,0.072
2367,2.091,0.091
2368,2.076,0.084
2369,0.842,0.083
2370,2.233,0.091
2371,0.854,0.07
2372,2.11,0.08
2373,0.869,0.074
2374,1.945,0.078
2375,0.885,0.08
2376,2.018,0.065
2377,2.07,0.08
2378,1.08,0.084
2379,2.185,0.084
2380,0.978,0.091
2381,0.802,0.089
2382,0.658,0.089
2383,0.535,0.075
2384,0.413,0.084
2385,0.265,0.071
2386,0.139,0.08
2387,0.0,0.075
2388,0.0,0.075
2389,0.0,0.075
2390,0.0,0.075
2391,0.0,0.075
2392,0.0,0.075
2393,0.0,0.075
2394,0.0,0.075
2395,0.0,0.075
2396,0.0,0.075
2397,0.0,0.075
2398,0.0,0.075
2399,0.0,0.075
2400,0.0,0.075
2401,0.0,0.075
2402,0.0,0.075
2403,0.0,0.075
2404,0.0,0.075
2405,0.0,0.075
2406,0.0,0.075
2407,0.0,0.075
2408,0.0,0.075
2409,0.0,0.075
2410,0.0,0.075
2411,0.0,0.075
2412,0.0,0.075
2413,0.0,0.075
2414,0.0,0.075
2415,0.0,0.075
2416,0.0,0.075
2417,0.0,0.075
2418,0.0,0.075
2419,0.0,0.075
2420,0.0,0.075
2421,0.0,0.075
2422,0.0,0.075
2423,0.0,0.075
2424,0.0,0.075
2425,0.0,0.075
2426,0.0,0.075
2427,0.0,0.075
2428,0.0,0.075
2429,0.0,0.075
2430,0.0,0.075
2431,0.0,0.071
2432,0.0,0.057
2433,0.0,0.056
2434,2.579,0.056
2435,0.296,0.052
2436,2.872,0.054
2437,0.684,0.047
2438,2.148,0.052
2439,2.288,0.043
2440,2.32,0.055
2441,2.205,0.043
2442,1.271,0.066
2443,0.967,0.06
2444,0.936,0.072
2445,0.863,0.074
2446,0.798,0.084
2447,0.759,0.072
2448,1.819,0.077
2449,0.842,0.075
2450,1.899,0.07
2451,0.913,0.082
2452,2.135,0.075
2453,0.965,0.094
2454,0.777,0.08
2455,1.963,0.08
2456,2.111,0.083
2457,0.963,0.084
2458,2.165,0.09
2459,0.965,0.093
2460,2.502,0.11
2461,2.22,0.099
2462,1.465,0.127
2463,2.393,0.116
2464,1.281,0.148
2465,1.286,0.138
2466,2.587,0.162
2467,1.378,0.134
2468,2.661,0.167
2469,2.495,0.162
2470,1.298,0.171
2471,1.197,0.164
2472,0.926,0.16
2473,0.833,0.155
2474,0.557,0.153
2475,0.35,0.142
2476,0.213,0.15
2477,0.094,0.136
2478,0.091,0.145
2479,0.0,0.131
2480,0.0,0.141
2481,0.0,0.141
2482,0.0,0.141
2483,0.0,0.141
2484,0.0,0.141
2485,0.0,0.141
2486,0.0,0.141
2487,0.0,0.141
2488,0.0,0.141
2489,0.0,0.141
2490,0.0,0.141
2491,0.0,0.141
2492,0.0,0.141
2493,0.0,0.141
2494,0.0,0.141
2495,0.0,0.141
2496,0.0,0.141
2497,1.984,0.141
2498,0.0,0.141
2499,0.0,0.141
2500,0.0,0.141
2501,0.0,0.141
2502,0.0,0.141
2503,0.0,0.141
2504,2.134,0.141
2505,0.068,0.141
2506,0.083,0.141
2507,2.219,0.141
2508,0.187,0.141
2509,0.226,0.141
2510,0.236,0.141
2511,0.251,0.141
2512,0.128,0.141
2513,0.134,0.141
2514,0.133,0.141
2515,0.0,0.141
2516,0.0,0.141
2517,0.0,0.141
2518,0.0,0.141
2519,0.0,0.141
2520,0.0,0.141
2521,0.0,0.138
2522,0.0,0.125
2523,0.0,0.122
2524,1.462,0.147
2525,1.524,0.132
2526,1.784,0.156
2527,2.081,0.149
2528,1.155,0.169
2529,2.441,0.16
2530,3.735,0.165
2531,1.302,0.164
2532,2.681,0.186
2533,2.567,0.171
2534,2.973,0.171
2535,2.671,0.173
2536,2.756,0.183
2537,1.697,0.195
2538,2.591,0.184
2539,1.523,0.194
2540,2.44,0.194
2541,1.376,0.213
2542,2.442,0.204
2543,1.321,0.216
2544,3.732,0.202
2545,1.493,0.206
2546,3.821,0.213
2547,1.584,0.203
2548,2.881,0.216
2549,2.834,0.207
2550,1.517,0.211
2551,4.049,0.216
2552,1.539,0.218
2553,2.863,0.221
2554,1.3,0.205
2555,3.913,0.23
2556,2.554,0.197
2557,1.655,0.216
2558,3.898,0.205
2559,1.422,0.214
2560,2.553,0.214
2561,2.393,0.204
2562,1.227,0.215
2563,1.153,0.206
2564,0.906,0.201
2565,0.925,0.199
2566,0.568,0.187
2567,0.502,0.2
2568,0.26,0.178
2569,0.246,0.192
2570,0.09,0.178
2571,0.094,0.183
2572,0.0,0.188
2573,0.0,0.188
2574,2.126,0.188
2575,0.085,0.188
2576,0.106,0.188
2577,0.127,0.188
2578,0.15,0.188
2579,0.158,0.188
2580,0.133,0.188
2581,0.0,0.188
2582,0.0,0.188
2583,2.092,0.188
2584,0.087,0.188
2585,0.102,0.188
2586,0.121,0.188
2587,2.285,0.188
2588,0.254,0.188
2589,0.236,0.188
2590,2.357,0.188
2591,0.27,0.188
2592,2.385,0.188
2593,0.303,0.188
2594,2.387,0.188
2595,0.332,0.188
2596,0.292,0.188
2597,2.357,0.188
2598,0.25,0.188
2599,0.202,0.188
2600,0.159,0.188
2601,0.107,0.188
2602,0.051,0.188
2603,0.023,0.188
2604,0.006,0.188
2605,0.001,0.188
2606,0.0,0.188
2607,0.0,0.188
2608,0.0,0.188
2609,0.0,0.188
2610,0.0,0.188
2611,0.0,0.184
2612,0.0,0.177
2613,0.0,0.174
2614,1.452,0.195
2615,0.318,0.188
2616,1.807,0.205
2617,0.605,0.206
2618,2.952,0.202
2619,0.876,0.216
2620,1.797,0.205
2621,0.802,0.2
2622,2.151,0.206
2623,3.373,0.19
2624,1.088,0.194
2625,2.195,0.196
2626,2.175,0.181
2627,2.126,0.182
2628,0.928,0.19
2629,3.394,0.193
2630,2.085,0.202
2631,1.202,0.213
2632,1.014,0.212
2633,1.086,0.231
2634,0.937,0.235
2635,0.843,0.242
2636,0.714,0.255
2637,0.543,0.263
2638,0.69,0.271
2639,2.036,0.273
2640,0.913,0.288
2641,0.96,0.287
2642,1.04,0.285
2643,1.021,0.297
2644,2.319,0.293
2645,2.353,0.302
2646,1.235,0.302
2647,1.142,0.315
2648,1.192,0.318
2649,2.511,0.315
2650,2.458,0.322
2651,1.17,0.324
2652,0.992,0.321
2653,0.996,0.324
2654,0.812,0.31
2655,0.743,0.319
2656,0.686,0.309
2657,0.561,0.314
2658,0.472,0.307
2659,0.458,0.309
2660,0.456,0.3
2661,0.445,0.301
2662,0.309,0.298
2663,0.304,0.293
2664,2.355,0.287
2665,0.387,0.299
2666,0.293,0.3
2667,2.556,0.305
2668,0.542,0.31
2669,2.636,0.31
2670,0.67,0.324
2671,2.666,0.324
2672,0.553,0.324
2673,0.454,0.324
2674,2.593,0.338
2675,0.394,0.338
2676,2.396,0.338
2677,0.361,0.338
2678,0.448,0.352
2679,2.448,0.352
2680,0.304,0.352
2681,2.462,0.366
2682,0.373,0.366
2683,0.35,0.37
2684,2.39,0.38
2685,0.225,0.38
2686,2.246,0.38
2687,0.164,0.38
2688,0.146,0.38
2689,0.156,0.38
2690,0.17,0.38
2691,0.175,0.38
2692,0.155,0.38
2693,0.0,0.38
2694,0.0,0.38
2695,0.001,0.38
2696,0.107,0.39
2697,0.095,0.394
2698,0.169,0.405
2699,0.076,0.408
2700,0.021,0.408
2701,0.004,0.404
2702,0.003,0.397
2703,0.002,0.396
2704,1.425,0.396
2705,0.254,0.404
2706,1.483,0.417
2707,0.361,0.408
2708,0.48,0.422
2709,1.566,0.415
2710,0.624,0.427
2711,0.529,0.421
2712,0.569,0.439
2713,1.777,0.445
2714,1.653,0.45
2715,0.678,0.447
2716,1.719,0.46
2717,0.572,0.458
2718,1.78,0.461
2719,1.724,0.461
2720,0.649,0.462
2721,1.623,0.466
2722,0.529,0.469
2723,0.398,0.469
2724,0.398,0.469
2725,0.272,0.469
2726,0.157,0.469
2727,0.171,0.469
2728,0.065,0.469
2729,0.051,0.46
2730,1.347,0.469
2731,0.291,0.46
2732,0.332,0.457
2733,0.379,0.441
2734,1.637,0.447
2735,0.456,0.441
2736,0.521,0.431
2737,0.496,0.423
2738,1.857,0.417
2739,1.822,0.421
2740,1.814,0.404
2741,0.843,0.404
2742,0.927,0.404
2743,0.765,0.39
2744,2.013,0.399
2745,0.83,0.385
2746,0.8,0.394
2747,0.711,0.389
2748,0.641,0.38
2749,0.7,0.385
2750,0.505,0.371
2751,0.477,0.381
2752,0.421,0.367
2753,0.504,0.375
2754,2.689,0.375
2755,0.698,0.39
2756,2.759,0.389
2757,0.853,0.384
2758,2.826,0.394
2759,0.694,0.394
2760,0.623,0.394
2761,2.763,0.397
2762,0.534,0.408
2763,2.481,0.408
2764,0.539,0.422
2765,0.399,0.422
2766,0.49,0.436
2767,0.375,0.436
2768,0.31,0.436
2769,0.316,0.443
2770,2.29,0.45
2771,0.249,0.453
2772,0.224,0.465
2773,2.35,0.465
2774,0.331,0.466
2775,2.354,0.479
2776,0.202,0.479
2777,0.218,0.493
2778,2.238,0.493
2779,0.259,0.498
2780,2.259,0.507
2781,0.205,0.507
2782,0.27,0.515
2783,2.354,0.521
2784,0.304,0.521
2785,2.468,0.527
2786,0.454,0.535
2787,0.302,0.535
2788,2.512,0.542
2789,0.426,0.549
2790,0.352,0.551
2791,0.34,0.561
2792,0.147,0.551
2793,0.15,0.55
2794,1.312,0.544
2795,0.025,0.544
2796,0.002,0.541
2797,0.0,0.535
2798,1.159,0.535
2799,0.115,0.535
2800,0.14,0.535
2801,0.164,0.535
2802,0.164,0.535
2803,0.164,0.535
2804,0.0,0.535
2805,0.0,0.535
2806,0.0,0.535
2807,0.003,0.535
2808,0.009,0.535
2809,0.006,0.535
2810,0.013,0.535
2811,0.015,0.535
2812,0.015,0.535
2813,0.017,0.535
2814,0.019,0.535
2815,0.025,0.535
2816,0.03,0.535
2817,0.044,0.535
2818,0.063,0.535
2819,0.047,0.535
2820,0.086,0.535
2821,0.113,0.535
2822,0.113,0.535
2823,0.122,0.533
2824,0.175,0.527
2825,0.159,0.516
2826,1.462,0.516
2827,0.349,0.516
2828,0.368,0.507
2829,1.745,0.507
2830,1.71,0.507
2831,0.611,0.507
2832,0.442,0.507
2833,0.492,0.507
2834,0.316,0.511
2835,1.548,0.505
2836,0.364,0.504
2837,0.394,0.508
2838,0.363,0.497
2839,0.473,0.507
2840,0.402,0.493
2841,0.506,0.502
2842,0.394,0.488
2843,0.439,0.488
2844,2.497,0.486
2845,0.42,0.48
2846,0.449,0.479
2847,2.586,0.479
2848,0.542,0.479
2849,0.63,0.481
2850,0.58,0.49
2851,0.525,0.493
2852,0.481,0.494
2853,0.354,0.507
2854,0.268,0.507
2855,0.267,0.516
2856,0.183,0.521
2857,0.202,0.524
2858,0.133,0.535
2859,0.154,0.535
2860,0.148,0.545
2861,0.054,0.552
2862,0.032,0.556
2863,0.02,0.558
2864,0.017,0.561
2865,0.007,0.562
2866,0.006,0.563
2867,0.004,0.563
2868,0.001,0.563
2869,0.001,0.563
2870,0.0,0.563
2871,0.0,0.563
2872,0.0,0.563
2873,0.0,0.563
2874,0.0,0.563
2875,0.0,0.563
2876,0.0,0.563
2877,0.0,0.563
2878,0.0,0.563
2879,0.0,0.563
2880,0.0,0.563
2881,0.0,0.559
2882,0.013,0.546
2883,0.041,0.544
2884,1.204,0.544
2885,0.123,0.542
2886,1.359,0.529
2887,0.255,0.529
2888,1.52,0.519
2889,0.357,0.516
2890,1.539,0.514
2891,1.567,0.503
2892,1.671,0.492
2893,0.456,0.488
2894,2.837,0.479
2895,1.711,0.471
2896,0.586,0.46
2897,3.001,0.459
2898,1.844,0.45
2899,0.661,0.426
2900,1.806,0.431
2901,1.909,0.406
2902,2.018,0.405
2903,0.918,0.383
2904,3.218,0.377
2905,2.118,0.361
2906,2.204,0.353
2907,2.162,0.334
2908,1.124,0.337
2909,3.325,0.309
2910,2.187,0.304
2911,1.172,0.291
2912,3.453,0.282
2913,1.311,0.278
2914,2.552,0.282
2915,2.579,0.286
2916,1.276,0.262
2917,2.548,0.268
2918,2.544,0.263
2919,2.703,0.255
2920,2.765,0.266
2921,2.669,0.268
2922,1.455,0.261
2923,1.298,0.259
2924,1.106,0.253
2925,0.92,0.252
2926,1.003,0.268
2927,0.682,0.248
2928,0.631,0.257
2929,0.602,0.254
2930,0.49,0.244
2931,0.423,0.244
2932,0.344,0.245
2933,0.308,0.245
2934,0.245,0.258
2935,0.228,0.254
2936,0.339,0.262
2937,0.317,0.267
2938,0.377,0.271
2939,0.334,0.281
2940,0.38,0.283
2941,0.346,0.301
2942,0.287,0.295
2943,0.35,0.299
2944,0.258,0.305
2945,0.348,0.293
2946,0.299,0.312
2947,0.268,0.316
2948,0.311,0.325
2949,0.273,0.327
2950,0.364,0.326
2951,0.34,0.338
2952,0.377,0.338
2953,0.451,0.352
2954,0.358,0.352
2955,0.374,0.36
2956,0.193,0.352
2957,0.287,0.356
2958,0.395,0.366
2959,0.437,0.366
2960,0.444,0.378
2961,0.422,0.385
2962,0.365,0.394
2963,0.428,0.397
2964,0.353,0.408
2965,0.265,0.408
2966,0.277,0.416
2967,0.122,0.421
2968,0.114,0.422
2969,0.13,0.422
2970,0.276,0.432
2971,0.136,0.432
2972,0.151,0.418
2973,0.171,0.418
2974,1.533,0.425
2975,1.536,0.427
2976,1.635,0.427
2977,0.644,0.432
2978,1.751,0.427
2979,1.779,0.426
2980,1.723,0.427
2981,0.65,0.427
2982,1.654,0.428
2983,0.612,0.444
2984,1.712,0.445
2985,0.747,0.451
2986,0.44,0.457
2987,1.52,0.444
2988,1.553,0.428
2989,0.452,0.417
2990,1.574,0.413
2991,0.567,0.405
2992,1.673,0.389
2993,1.758,0.388
2994,0.713,0.399
2995,1.578,0.387
2996,1.702,0.382
2997,0.63,0.377
2998,1.744,0.362
2999,1.79,0.362
3000,0.65,0.345
3001,2.982,0.347
3002,1.854,0.329
3003,0.701,0.334
3004,1.802,0.327
3005,0.693,0.328
3006,1.851,0.308
3007,1.84,0.315
3008,0.726,0.299
3009,1.899,0.31
3010,1.753,0.303
3011,0.552,0.287
3012,0.562,0.286
3013,0.484,0.282
3014,0.465,0.279
3015,0.431,0.269
3016,0.465,0.279
3017,0.352,0.26
3018,0.403,0.267
3019,0.341,0.266
3020,0.464,0.259
3021,0.408,0.244
3022,0.449,0.253
3023,0.264,0.244
3024,0.25,0.249
3025,0.367,0.261
3026,0.24,0.257
3027,0.473,0.263
3028,0.396,0.272
3029,0.43,0.272
3030,0.474,0.277
3031,0.391,0.284
3032,0.399,0.28
3033,0.506,0.286
3034,0.5,0.296
3035,0.497,0.296
3036,0.637,0.301
3037,0.548,0.31
3038,0.437,0.317
3039,0.449,0.321
3040,0.411,0.31
3041,0.463,0.316
3042,0.459,0.324
3043,0.364,0.324
3044,0.449,0.336
3045,0.34,0.338
3046,0.414,0.347
3047,0.358,0.352
3048,0.292,0.352
3049,0.397,0.358
3050,0.419,0.366
3051,0.392,0.366
3052,0.48,0.377
3053,0.272,0.38
3054,0.287,0.38
3055,0.429,0.385
3056,0.265,0.389
3057,0.225,0.391
3058,0.261,0.392
3059,0.249,0.394
3060,0.239,0.394
3061,0.36,0.391
3062,0.418,0.389
3063,0.383,0.389
3064,2.781,0.389
3065,0.446,0.385
3066,0.302,0.385
3067,2.767,0.387
3068,0.467,0.38
3069,1.786,0.387
3070,1.719,0.379
3071,1.711,0.374
3072,1.732,0.38
3073,1.722,0.364
3074,1.963,0.368
3075,0.712,0.374
3076,1.789,0.372
3077,1.787,0.359
3078,0.672,0.347
3079,1.687,0.344
3080,0.586,0.346
3081,0.558,0.342
3082,2.826,0.333
3083,0.627,0.324
3084,1.902,0.325
3085,1.889,0.316
3086,0.723,0.308
3087,1.841,0.313
3088,0.684,0.293
3089,2.911,0.302
3090,0.58,0.286
3091,1.634,0.284
3092,0.605,0.271
3093,1.738,0.282
3094,0.625,0.252
3095,1.801,0.253
3096,0.73,0.239
3097,0.658,0.245
3098,1.932,0.235
3099,0.656,0.209
3100,0.641,0.224
3101,1.893,0.217
3102,0.822,0.212
3103,0.906,0.219
3104,0.842,0.206
3105,0.895,0.211
3106,0.679,0.205
3107,0.54,0.188
3108,0.409,0.192
3109,0.268,0.192
3110,0.231,0.192
3111,0.223,0.192
3112,0.182,0.197
3113,0.178,0.191
3114,0.133,0.188
3115,0.253,0.206
3116,0.247,0.211
3117,0.375,0.22
3118,0.368,0.225
3119,0.356,0.225
3120,0.42,0.23
3121,0.4,0.239
3122,0.389,0.239
3123,0.394,0.237
3124,0.358,0.247
3125,0.407,0.251
3126,0.361,0.249
3127,0.434,0.252
3128,0.394,0.263
3129,0.348,0.263
3130,0.378,0.273
3131,0.329,0.277
3132,0.26,0.277
3133,0.3,0.282
3134,0.227,0.298
3135,0.208,0.291
3136,0.201,0.286
3137,0.21,0.286
3138,0.127,0.286
3139,0.096,0.286
3140,0.066,0.286
3141,0.067,0.283
3142,0.084,0.272
3143,0.083,0.277
3144,0.069,0.281
3145,0.056,0.282
3146,0.103,0.282
3147,0.115,0.282
3148,0.037,0.269
3149,0.017,0.267
3150,0.004,0.267
3151,0.045,0.262
3152,0.077,0.249
3153,0.021,0.249
3154,1.21,0.239
3155,1.25,0.23
3156,0.167,0.23
3157,2.522,0.225
3158,0.314,0.221
3159,0.343,0.221
3160,1.555,0.211
3161,0.372,0.207
3162,1.689,0.193
3163,1.658,0.192
3164,0.5,0.183
3165,2.764,0.176
3166,0.495,0.17
3167,1.734,0.155
3168,2.804,0.143
3169,0.658,0.129
3170,1.897,0.136
3171,1.871,0.122
3172,1.844,0.11
3173,0.537,0.1
3174,2.847,0.097
3175,0.523,0.094
3176,0.502,0.094
3177,1.487,0.084
3178,0.226,0.084
3179,0.203,0.084
3180,1.23,0.084
3181,0.079,0.084
3182,0.085,0.085
3183,0.136,0.087
3184,0.128,0.084
3185,1.323,0.084
3186,0.335,0.084
3187,0.307,0.084
3188,0.379,0.083
3189,0.348,0.076
3190,0.392,0.075
3191,1.391,0.075
3192,0.271,0.075
3193,0.322,0.075
3194,0.285,0.075
3195,0.287,0.075
3196,0.23,0.075
3197,0.285,0.075
3198,0.271,0.075
3199,0.326,0.075
3200,0.253,0.075
3201,0.269,0.075
3202,0.256,0.075
3203,0.153,0.075
3204,0.126,0.075
3205,0.056,0.075
3206,0.051,0.075
3207,0.032,0.075
3208,0.017,0.075
3209,0.011,0.075
3210,0.005,0.075
3211,0.002,0.075
3212,0.001,0.075
3213,0.001,0.075
3214,0.001,0.075
3215,0.0,0.075
3216,0.0,0.075
3217,0.0,0.075
3218,0.0,0.075
3219,0.0,0.075
3220,0.0,0.075
3221,0.0,0.075
3222,0.0,0.075
3223,0.0,0.075
3224,0.0,0.075
3225,0.0,0.075
3226,0.0,0.075
3227,0.0,0.075
3228,0.0,0.075
3229,0.0,0.075
3230,0.0,0.075
3231,0.0,0.075
3232,0.0,0.075
3233,0.0,0.075
3234,0.0,0.075
3235,0.0,0.075
3236,0.0,0.075
3237,0.0,0.075
3238,0.0,0.075
3239,0.0,0.075
3240,0.0,0.075
3241,0.0,0.07
3242,0.0,0.063
3243,-0.016,0.06
3244,1.181,0.054
3245,0.098,0.047
3246,1.285,0.045
3247,0.266,0.037
3248,2.627,0.028
3249,0.462,0.019
3250,1.634,0.019
3251,1.596,0.014
3252,0.44,0.009
3253,1.536,0.009
3254,0.445,0.0
3255,0.264,0.0
3256,1.387,0.0
3257,0.218,0.0
3258,0.132,0.0
3259,0.062,0.0
3260,0.04,0.0
3261,0.004,0.0
3262,0.018,0.0
3263,0.033,0.0
3264,0.049,0.0
3265,0.055,0.0
3266,0.075,0.0
3267,0.106,0.0
3268,0.113,0.0
3269,0.148,0.0
3270,0.143,0.0
3271,0.174,0.0
3272,0.186,0.0
3273,0.145,0.0
3274,0.179,0.0
3275,0.136,0.0
3276,0.175,0.0
3277,0.064,0.0
3278,0.094,0.0
3279,0.0,0.0
3280,-0.016,0.0
3281,0.0,0.0
3282,0.0,0.0
3283,0.0,0.0
3284,0.0,0.0
3285,0.0,0.0
3286,0.0,0.0
3287,0.0,0.0
3288,0.0,0.0
3289,0.0,0.0
3290,0.0,0.0
3291,0.0,0.0
3292,0.0,0.0
3293,0.0,0.0
3294,0.0,0.0
3295,0.0,0.0
3296,0.0,0.0
3297,0.0,0.0
3298,0.0,0.0
3299,0.0,0.0
3300,0.0,0.0
3301,0.0,0.0
3302,0.0,0.0
3303,0.0,0.0
3304,0.0,0.0
3305,0.0,0.0
3306,0.0,0.0
3307,0.0,0.0
3308,0.0,0.0
3309,0.0,0.0
3310,0.0,0.0
3311,0.0,0.0
3312,0.0,0.0
3313,0.0,0.0
3314,0.0,0.0
3315,0.0,0.0
3316,0.0,0.0
3317,0.0,0.0
3318,0.0,0.0
3319,0.0,0.0
3320,0.0,0.0
3321,0.0,0.0
3322,0.0,0.0
3323,0.0,0.0
3324,0.0,0.0
3325,0.0,0.0
3326,0.0,0.0
3327,0.0,0.0
3328,0.0,0.0
3329,0.0,0.0
3330,0.0,0.0
3331,0.0,0.0
3332,0.0,0.0
3333,0.0,0.0
3334,0.0,0.0
3335,0.0,0.0
3336,0.0,0.0
3337,0.0,0.0
3338,0.0,0.0
3339,0.0,0.0
3340,0.0,0.0
3341,0.0,0.0
3342,0.0,0.0
3343,0.0,0.0
3344,0.0,0.0
3345,0.0,0.0
3346,0.0,0.0
3347,0.0,0.0
3348,0.0,0.0
3349,0.0,0.0
3350,0.0,0.0
3351,0.0,0.0
3352,0.0,0.0
3353,0.0,0.0
3354,0.0,0.0
3355,0.0,0.0
3356,0.0,0.0
3357,0.0,0.0
3358,0.0,0.0
3359,0.0,0.0
3360,0.0,0.0
3361,0.0,0.0
3362,0.0,0.0
3363,0.0,0.0
3364,0.0,0.0
3365,0.0,0.0
3366,0.0,0.0
3367,0.0,0.0
3368,0.0,0.0
3369,0.0,0.0
3370,0.0,0.0
3371,0.0,0.0
3372,0.0,0.0
3373,0.0,0.0
3374,0.0,0.0
3375,0.0,0.0
3376,0.0,0.0
3377,0.0,0.0
3378,0.0,0.0
3379,0.0,0.0
3380,0.0,0.0
3381,0.0,0.0
3382,0.0,0.0
3383,0.0,0.0
3384,0.0,0.0
3385,0.0,0.0
3386,0.0,0.0
3387,0.0,0.0
3388,0.0,0.0
3389,0.0,0.0
3390,0.0,0.0
3391,0.0,0.0
3392,0.0,0.0
3393,0.0,0.0
3394,0.0,0.0
3395,0.0,0.0
3396,0.0,0.0
3397,0.0,0.0
3398,0.0,0.0
3399,0.0,0.0
3400,0.0,0.0
3401,0.0,0.0
3402,0.0,0.0
3403,0.0,0.0
3404,0.0,0.0
3405,0.0,0.0
3406,0.0,0.0
3407,0.0,0.0
3408,0.0,0.0
3409,0.0,0.0
3410,0.0,0.0
3411,0.0,0.0
3412,0.0,0.0
3413,0.0,0.0
3414,0.0,0.0
3415,0.0,0.0
3416,0.0,0.0
3417,0.0,0.0
3418,0.0,0.0
3419,0.0,0.0
3420,0.0,0.0
3421,0.0,0.0
3422,0.0,0.0
3423,0.0,0.0
3424,0.0,0.0
3425,0.0,0.0
3426,0.0,0.0
3427,0.0,0.0
3428,0.0,0.0
3429,0.0,0.0
3430,0.0,0.0
3431,0.0,0.0
3432,0.0,0.0
3433,0.0,0.0
3434,0.0,0.0
3435,0.0,0.0
3436,0.0,0.0
3437,0.0,0.0
3438,0.0,0.0
3439,0.0,0.0
3440,0.0,0.0
3441,0.0,0.0
3442,0.0,0.0
3443,0.0,0.0
3444,0.0,0.0
3445,0.0,0.0
3446,0.0,0.0
3447,0.0,0.0
3448,0.0,0.0
3449,0.0,0.0
3450,0.0,0.0
3451,0.0,0.0
3452,0.0,0.0
3453,0.0,0.0
3454,0.0,0.0
3455,0.0,0.0
3456,0.0,0.0
3457,0.0,0.0
3458,0.0,0.0
3459,0.0,0.0
3460,0.0,0.0
3461,0.0,0.0
3462,0.0,0.0
3463,0.0,0.0
3464,0.0,0.0
3465,0.0,0.0
3466,0.0,0.0
3467,0.0,0.0
3468,0.0,0.0
3469,0.0,0.0
3470,0.0,0.0
3471,0.0,0.0
3472,0.0,0.0
3473,0.0,0.0
3474,0.0,0.0
3475,0.0,0.0
3476,0.0,0.0
3477,0.0,0.0
3478,0.0,0.0
3479,0.0,0.0
3480,0.0,0.0
3481,0.0,0.0
3482,0.0,0.0
3483,0.0,0.0
3484,0.0,0.0
3485,0.0,0.0
3486,0.016,0.0
3487,0.0,0.0
3488,0.016,0.0
3489,0.0,0.0
3490,0.016,0.0
3491,0.0,0.0
3492,0.016,0.0
3493,0.0,0.0
3494,0.0,0.0
3495,0.0,0.0
3496,0.016,0.0
3497,0.0,0.0
3498,0.016,0.0
3499,0.0,0.0
3500,0.0,0.0
3501,0.016,0.0
3502,0.0,0.0
3503,0.016,0.0
3504,0.0,0.0
3505,0.0,0.0
3506,0.0,0.0
3507,0.0,0.0
3508,0.0,0.0
3509,0.0,0.0
3510,0.0,0.0
3511,0.0,0.0
3512,0.0,0.0
3513,0.0,0.0
3514,0.0,0.0
3515,0.0,0.0
3516,0.0,0.0
3517,0.0,0.0
3518,0.0,0.0
3519,0.0,0.0
3520,0.0,0.0
3521,0.0,0.0
3522,0.0,0.0
3523,0.0,0.0
3524,0.0,0.0
3525,0.0,0.0
3526,0.0,0.0
3527,0.0,0.0
3528,0.0,0.0
3529,0.0,0.0
3530,0.0,0.0
3531,0.0,0.0
3532,0.0,0.0
3533,0.0,0.0
3534,0.0,0.0
3535,0.0,0.0
3536,0.0,0.0
3537,0.0,0.0
3538,0.0,0.0
3539,0.0,0.0
3540,0.0,0.0
3541,0.0,0.0
3542,0.0,0.0
3543,0.0,0.0
3544,0.0,0.0
3545,0.0,0.0
3546,0.0,0.0
3547,0.0,0.0
3548,0.0,0.0
3549,0.0,0.0
3550,0.0,0.0
3551,0.0,0.0
3552,0.0,0.0
3553,0.0,0.0
3554,0.0,0.0
3555,0.0,0.0
3556,0.0,0.0
3557,0.0,0.0
3558,0.0,0.0
3559,0.0,0.0
3560,0.0,0.0
3561,0.0,0.0
3562,0.0,0.0
3563,0.0,0.0
3564,0.0,0.0
3565,0.0,0.0
3566,0.0,0.0
3567,0.0,0.0
3568,0.0,0.0
3569,0.0,0.0
3570,0.0,0.0
3571,0.0,0.0
3572,0.0,0.0
3573,0.0,0.0
3574,0.0,0.0
3575,0.0,0.0
3576,0.0,0.0
3577,0.0,0.0
3578,0.0,0.0
3579,0.0,0.0
3580,0.0,0.0
3581,0.0,0.0
3582,0.0,0.0
3583,0.0,0.0
3584,0.0,0.0
3585,0.0,0.0
3586,0.0,0.0
3587,0.0,0.0
3588,0.0,0.0
3589,0.0,0.0
3590,0.0,0.0
3591,0.0,0.0
3592,0.0,0.0
3593,0.0,0.0
3594,0.0,0.0
3595,0.0,0.0
3596,0.0,0.0
3597,0.0,0.0
3598,0.0,0.0
3599,0.0,0.0
3600,0.0,0.0
3601,0.0,0.0
3602,0.0,0.0
3603,0.0,0.0
3604,0.0,0.0
3605,0.0,0.0
3606,0.0,0.0
3607,0.0,0.0
3608,0.0,0.0
3609,0.0,0.0
3610,0.0,0.0
3611,0.0,0.0
3612,0.0,0.0
3613,0.0,0.0
3614,0.0,0.0
3615,0.0,0.0
3616,0.0,0.0
3617,0.0,0.0
3618,0.0,0.0
3619,0.0,0.0
3620,0.0,0.0
3621,0.0,0.0
3622,0.0,0.0
3623,0.0,0.0
3624,0.0,0.0
3625,0.0,0.0
3626,0.0,0.0
3627,0.0,0.0
3628,0.0,0.0
3629,0.0,0.0
3630,0.0,0.0
3631,0.0,0.0
3632,0.0,0.0
3633,0.0,0.0
3634,0.0,0.0
3635,0.0,0.0
3636,0.0,0.0
3637,0.0,0.0
3638,0.0,0.0
3639,0.0,0.0
3640,0.0,0.0
3641,0.0,0.0
3642,0.0,0.0
3643,0.0,0.0
3644,0.0,0.0
3645,0.0,0.0
3646,0.0,0.0
3647,0.0,0.0
3648,0.0,0.0
3649,0.0,0.0
3650,0.0,0.0
3651,0.0,0.0
3652,0.0,0.0
3653,0.0,0.0
3654,0.0,0.0
3655,0.0,0.0
3656,0.0,0.0
3657,0.0,0.0
3658,0.0,0.0
3659,0.0,0.0
3660,0.0,0.0
3661,0.0,0.0
3662,0.0,0.0
3663,0.0,0.0
3664,0.0,0.0
3665,0.0,0.0
3666,0.0,0.0
3667,0.0,0.0
3668,0.0,0.0
3669,0.0,0.0
3670,0.0,0.0
3671,0.0,0.0
3672,0.0,0.0
3673,0.0,0.0
3674,0.0,0.0
3675,0.0,0.0
3676,0.0,0.0
3677,0.0,0.0
3678,0.0,0.0
3679,0.0,0.0
3680,0.0,0.0
3681,0.0,0.0
3682,0.0,0.0
3683,0.0,0.0
3684,0.0,0.0
3685,0.0,0.0
3686,0.0,0.0
3687,0.0,0.0
3688,0.0,0.0
3689,0.0,0.0
3690,0.0,0.0
3691,0.0,0.0
3692,0.0,0.0
3693,0.0,0.0
3694,0.0,0.0
3695,0.0,0.0
3696,0.0,0.0
3697,0.0,0.0
3698,0.0,0.0
3699,0.0,0.0
3700,0.0,0.0
3701,0.0,0.0
3702,0.0,0.0
3703,0.0,0.0
3704,0.0,0.0
3705,0.0,0.0
3706,0.0,0.0
3707,0.0,0.0
3708,0.0,0.0
3709,0.0,0.0
3710,0.0,0.0
3711,0.0,0.0
3712,0.0,0.0
3713,0.0,0.0
3714,0.0,0.0
3715,0.0,0.0
3716,0.0,0.0
3717,0.0,0.0
3718,0.0,0.0
3719,0.0,0.0
3720,0.0,0.0
3721,0.0,0.0
3722,0.0,0.0
3723,0.0,0.0
3724,0.0,0.0
3725,0.0,0.0
3726,0.0,0.0
3727,0.0,0.0
3728,0.0,0.0
3729,0.0,0.0
3730,0.0,0.0
3731,0.0,0.0
3732,0.0,0.0
3733,0.0,0.0
3734,0.0,0.0
3735,0.0,0.0
3736,0.0,0.0
3737,0.0,0.0
3738,0.0,0.0
3739,0.0,0.0
3740,0.0,0.0
3741,0.0,0.0
3742,0.0,0.0
3743,0.0,0.0
3744,0.0,0.0
3745,0.0,0.0
3746,0.0,0.0
3747,0.0,0.0
3748,0.0,0.0
3749,0.0,0.0
3750,0.0,0.0
3751,0.0,0.0
3752,0.0,0.0
3753,0.0,0.0
3754,0.0,0.0
3755,0.0,0.0
3756,0.0,0.0
3757,0.0,0.0
3758,0.0,0.0
3759,0.0,0.0
3760,0.0,0.0
3761,0.0,0.0
3762,0.0,0.0
3763,0.0,0.0
3764,0.0,0.0
3765,0.0,0.0
3766,0.0,0.0
3767,0.0,0.0
3768,0.0,0.0
3769,0.0,0.0
3770,0.0,0.0
3771,0.0,0.0
3772,0.0,0.0
3773,0.0,0.0
3774,0.0,0.0
3775,0.0,0.0
3776,0.0,0.0
3777,0.0,0.0
3778,0.0,0.0
3779,0.0,0.0
3780,0.0,0.0
3781,0.0,0.0
3782,0.0,0.0
3783,0.0,0.0
3784,0.0,0.0
3785,0.0,0.0
3786,0.0,0.0
3787,0.0,0.0
3788,0.0,0.0
3789,0.0,0.0
3790,0.0,0.0
3791,0.0,0.0
3792,0.0,0.0
3793,0.0,0.0
3794,0.0,0.0
3795,0.0,0.0
3796,0.0,0.0
3797,0.0,0.0
3798,0.0,0.0
3799,0.0,0.0
3800,0.0,0.0
3801,0.0,0.0
3802,0.0,0.0
3803,0.0,0.0
3804,0.0,0.0
3805,0.0,0.0
3806,0.0,0.0
3807,0.0,0.0
3808,0.0,0.0
3809,0.0,0.0
3810,0.0,0.0
3811,0.0,0.0
3812,0.0,0.0
3813,0.0,0.0
3814,0.0,0.0
3815,0.0,0.0
3816,0.0,0.0
3817,0.0,0.0
3818,0.0,0.0
3819,0.0,0.0
3820,0.0,0.0
3821,0.0,0.0
3822,0.0,0.0
3823,0.0,0.0
3824,0.0,0.0
3825,0.0,0.0
3826,0.0,0.0
3827,0.0,0.0
3828,0.0,0.0
3829,0.0,0.0
3830,0.0,0.0
3831,0.0,0.0
3832,0.0,0.0
3833,0.0,0.0
3834,0.0,0.0
3835,0.0,0.0
3836,0.0,0.0
3837,0.0,0.0
3838,0.0,0.0
3839,0.0,0.0
3840,0.0,0.0
3841,0.0,0.0
3842,0.0,0.0
3843,0.0,0.0
3844,0.0,0.0
3845,0.0,0.0
3846,0.0,0.0
3847,0.0,0.0
3848,0.0,0.0
3849,0.0,0.0
3850,0.0,0.0
3851,0.0,0.0
3852,0.0,0.0
3853,0.0,0.0
3854,0.0,0.0
3855,0.0,0.0
3856,0.0,0.0
3857,0.0,0.0
3858,0.0,0.0
3859,0.0,0.0
3860,0.0,0.0
3861,0.0,0.0
3862,0.0,0.0
3863,0.0,0.0
3864,0.111,0.011
3865,0.111,0.014
3866,0.135,0.014
3867,0.158,0.014
3868,0.268,0.024
3869,0.262,0.028
3870,0.131,0.019
3871,0.149,0.023
3872,0.152,0.023
3873,0.155,0.023
3874,0.155,0.023
3875,0.0,0.019
3876,0.0,0.019
3877,1.252,0.009
3878,0.158,0.009
3879,0.162,0.009
3880,0.164,0.009
3881,0.153,0.0
3882,1.401,0.0
3883,0.149,0.0
3884,0.157,0.0
3885,0.153,0.0
3886,0.16,0.0
3887,0.0,0.0
3888,0.0,0.0
3889,0.0,0.0
3890,0.0,0.0
3891,0.0,0.0
3892,0.0,0.0
3893,0.0,0.0
3894,0.0,0.0
3895,0.0,0.0
3896,0.0,0.0
3897,0.0,0.0
3898,0.0,0.0
3899,0.0,0.0
3900,0.0,0.0
3901,0.0,0.0
3902,0.0,0.0
3903,0.0,0.0
3904,0.0,0.0
3905,0.0,0.0
3906,0.0,0.0
3907,0.0,0.0
3908,0.0,0.0
3909,0.0,0.0
3910,0.0,0.0
3911,0.0,0.0
3912,0.0,0.0
3913,0.0,0.0
3914,0.0,0.0
3915,0.0,0.0
3916,0.0,0.0
3917,0.0,0.0
3918,0.0,0.0
3919,0.0,0.0
3920,0.0,0.0
3921,0.0,0.0
3922,0.0,0.0
3923,0.0,0.0
3924,0.0,0.0
3925,0.113,0.012
3926,0.097,0.014
3927,0.199,0.017
3928,0.227,0.028
3929,0.26,0.028
3930,0.378,0.04
3931,0.392,0.042
3932,0.37,0.042
3933,0.378,0.052
3934,0.503,0.064
3935,0.399,0.052
3936,0.457,0.061
3937,0.423,0.064
3938,0.252,0.068
3939,0.376,0.075
3940,0.245,0.068
3941,0.269,0.075
3942,0.4,0.088
3943,0.392,0.089
3944,0.36,0.081
3945,0.382,0.099
3946,0.292,0.084
3947,0.396,0.099
3948,0.238,0.102
3949,0.256,0.103
3950,0.372,0.111
3951,0.223,0.109
3952,0.331,0.117
3953,0.359,0.127
3954,0.394,0.127
3955,0.405,0.126
3956,0.386,0.136
3957,0.343,0.127
3958,0.359,0.145
3959,0.382,0.141
3960,0.412,0.155
3961,0.407,0.15
3962,0.267,0.127
3963,0.258,0.131
3964,2.529,0.115
3965,0.344,0.108
3966,2.785,0.095
3967,0.504,0.085
3968,1.735,0.084
3969,1.917,0.066
3970,3.276,0.066
3971,0.706,0.049
3972,3.022,0.045
3973,0.804,0.028
3974,3.226,0.021
3975,1.962,0.016
3976,0.758,0.0
3977,3.305,0.0
3978,0.751,0.0
3979,0.724,0.0
3980,0.633,0.0
3981,0.513,0.0
3982,0.339,0.0
3983,0.348,0.0
3984,0.197,0.0
3985,0.123,0.0
3986,0.146,0.0
3987,0.084,0.0
3988,0.075,0.0
3989,0.0,0.0
3990,0.0,0.0
3991,0.0,0.0
3992,0.0,0.0
3993,0.0,0.0
3994,0.0,0.0
3995,0.0,0.0
3996,0.0,0.0
3997,0.0,0.0
3998,0.0,0.0
3999,0.0,0.0
4000,0.0,0.0
4001,0.0,0.0
4002,0.0,0.0
4003,0.0,0.0
4004,0.0,0.0
4005,0.0,0.0
4006,0.0,0.0
4007,0.0,0.0
4008,0.0,0.0
4009,0.0,0.0
4010,0.0,0.0
4011,0.0,0.0
4012,0.0,0.0
4013,0.0,0.0
4014,0.0,0.0
4015,0.097,0.007
4016,0.088,0.014
4017,0.206,0.021
4018,0.236,0.028
4019,0.255,0.028
4020,0.382,0.038
4021,0.354,0.042
4022,0.468,0.049
4023,0.372,0.05
4024,0.269,0.043
4025,0.409,0.061
4026,0.392,0.061
4027,0.38,0.059
4028,0.398,0.07
4029,0.301,0.057
4030,0.44,0.079
4031,0.261,0.066
4032,0.398,0.086
4033,0.238,0.086
4034,0.263,0.084
4035,0.39,0.093
4036,0.393,0.099
4037,0.364,0.097
4038,0.4,0.108
4039,0.281,0.098
4040,0.405,0.116
4041,0.371,0.117
4042,0.372,0.116
4043,0.389,0.127
4044,0.281,0.113
4045,0.416,0.136
4046,0.381,0.136
4047,0.361,0.13
4048,0.399,0.145
4049,0.393,0.151
4050,0.42,0.155
4051,0.444,0.151
4052,0.303,0.131
4053,0.305,0.131
4054,2.551,0.112
4055,0.312,0.108
4056,2.672,0.098
4057,0.486,0.084
4058,3.044,0.084
4059,0.718,0.066
4060,3.145,0.064
4061,0.789,0.047
4062,1.858,0.043
4063,2.001,0.03
4064,1.871,0.028
4065,1.873,0.024
4066,0.662,0.019
4067,0.593,0.019
4068,1.662,0.008
4069,1.675,0.0
4070,1.688,0.0
4071,0.567,0.0
4072,0.573,0.0
4073,0.497,0.0
4074,0.477,0.0
4075,0.21,0.0
4076,0.194,0.0
4077,0.161,0.0
4078,0.08,0.0
4079,0.081,0.0
4080,0.0,0.0
4081,0.0,0.0
4082,0.0,0.0
4083,0.0,0.0
4084,0.0,0.0
4085,0.0,0.0
4086,0.0,0.0
4087,0.0,0.0
4088,0.0,0.0
4089,0.0,0.0
4090,0.0,0.0
4091,0.0,0.0
4092,0.0,0.0
4093,0.0,0.0
4094,0.0,0.0
4095,0.0,0.0
4096,0.0,0.0
4097,0.0,0.0
4098,0.0,0.0
4099,0.0,0.0
4100,0.0,0.0
4101,0.0,0.0
4102,0.0,0.0
4103,0.0,0.0
4104,0.092,0.006
4105,0.108,0.014
4106,0.128,0.014
4107,0.278,0.028
4108,0.271,0.028
4109,0.418,0.042
4110,0.424,0.042
4111,0.377,0.04
4112,0.406,0.052
4113,0.269,0.04
4114,0.371,0.05
4115,0.234,0.053
4116,0.24,0.056
4117,0.344,0.057
4118,0.233,0.062
4119,0.263,0.066
4120,0.407,0.079
4121,0.243,0.066
4122,0.384,0.089
4123,0.403,0.089
4124,0.303,0.088
4125,0.423,0.094
4126,0.266,0.094
4127,0.367,0.098
4128,0.238,0.094
4129,0.28,0.103
4130,0.392,0.108
4131,0.401,0.117
4132,0.258,0.113
4133,0.37,0.119
4134,0.246,0.122
4135,0.257,0.122
4136,0.361,0.125
4137,0.216,0.124
4138,0.336,0.136
4139,0.371,0.145
4140,0.388,0.145
4141,0.256,0.134
4142,0.256,0.122
4143,0.252,0.122
4144,2.585,0.1
4145,0.214,0.097
4146,2.793,0.086
4147,0.474,0.075
4148,3.053,0.07
4149,0.699,0.056
4150,3.198,0.054
4151,0.803,0.038
4152,3.324,0.036
4153,0.802,0.028
4154,1.898,0.019
4155,2.044,0.009
4156,1.861,0.009
4157,0.653,0.0
4158,1.777,0.0
4159,0.571,0.0
4160,0.322,0.0
4161,0.309,0.0
4162,0.232,0.0
4163,0.251,0.0
4164,0.167,0.0
4165,0.185,0.0
4166,0.083,0.0
4167,0.09,0.0
4168,0.0,0.0
4169,0.0,0.0
4170,0.0,0.0
4171,0.0,0.0
4172,0.0,0.0
4173,0.0,0.0
4174,0.0,0.0
4175,0.0,0.0
4176,0.0,0.0
4177,0.0,0.0
4178,0.0,0.0
4179,0.0,0.0
4180,0.0,0.0
4181,0.0,0.0
4182,0.0,0.0
4183,0.0,0.0
4184,0.0,0.0
4185,0.0,0.0
4186,0.0,0.0
4187,0.0,0.0
4188,0.0,0.0
4189,0.0,0.0
4190,0.0,0.0
4191,0.0,0.0
4192,0.0,0.0
4193,0.0,0.0
4194,0.0,0.0
4195,0.119,0.013
4196,0.105,0.014
4197,0.237,0.026
4198,0.252,0.028
4199,0.284,0.028
4200,0.418,0.035
4201,0.271,0.039
4202,0.283,0.038
4203,2.362,0.03
4204,0.365,0.047
4205,0.503,0.053
4206,0.57,0.061
4207,2.524,0.056
4208,0.63,0.068
4209,0.475,0.07
4210,2.758,0.081
4211,0.66,0.07
4212,0.558,0.075
4213,2.844,0.087
4214,0.507,0.081
4215,0.558,0.084
4216,0.419,0.084
4217,0.311,0.077
4218,2.448,0.08
4219,0.439,0.08
4220,0.131,0.073
4221,0.149,0.075
4222,0.164,0.075
4223,0.171,0.075
4224,0.0,0.075
4225,2.107,0.075
4226,0.092,0.075
4227,0.108,0.075
4228,2.231,0.075
4229,0.237,0.075
4230,0.264,0.075
4231,0.271,0.071
4232,0.14,0.057
4233,0.142,0.056
4234,2.72,0.049
4235,0.189,0.038
4236,2.537,0.036
4237,0.393,0.019
4238,2.974,0.016
4239,0.702,0.0
4240,2.831,0.0
4241,0.736,0.0
4242,0.581,0.0
4243,0.601,0.0
4244,0.469,0.0
4245,0.35,0.0
4246,0.348,0.0
4247,0.235,0.0
4248,0.165,0.0
4249,0.18,0.0
4250,0.08,0.0
4251,0.091,0.0
4252,0.0,0.0
4253,0.0,0.0
4254,0.0,0.0
4255,0.0,0.0
4256,0.0,0.0
4257,0.0,0.0
4258,0.0,0.0
4259,0.0,0.0
4260,0.0,0.0
4261,0.0,0.0
4262,0.0,0.0
4263,0.0,0.0
4264,0.0,0.0
4265,0.0,0.0
4266,0.0,0.0
4267,0.0,0.0
4268,0.0,0.0
4269,0.0,0.0
4270,0.0,0.0
4271,0.0,0.0
4272,0.0,0.0
4273,0.0,0.0
4274,0.0,0.0
4275,0.0,0.0
4276,0.0,0.0
4277,0.0,0.0
4278,0.0,0.0
4279,0.0,0.0
4280,0.0,0.0
4281,0.0,0.0
4282,0.0,0.0
4283,0.0,0.0
4284,0.0,0.0
4285,2.09,0.0
4286,0.091,0.0
4287,0.116,0.0
4288,2.228,0.0
4289,0.25,0.0
4290,2.37,0.0
4291,0.399,0.0
4292,0.27,0.0
4293,2.408,0.0
4294,0.39,0.0
4295,2.386,0.0
4296,0.404,0.0
4297,2.386,0.0
4298,0.403,0.0
4299,0.288,0.0
4300,2.412,0.0
4301,0.413,0.0
4302,0.278,0.0
4303,2.257,0.0
4304,0.25,0.0
4305,2.396,0.0
4306,0.409,0.0
4307,2.367,0.0
4308,0.405,0.0
4309,0.429,0.0
4310,2.414,0.0
4311,0.243,0.0
4312,2.377,0.0
4313,0.377,0.0
4314,0.284,0.0
4315,2.423,0.0
4316,0.405,0.0
4317,2.384,0.0
4318,0.382,0.0
4319,2.39,0.0
4320,0.386,0.0
4321,0.387,0.0
4322,0.279,0.0
4323,0.239,0.0
4324,0.163,0.0
4325,0.072,0.0
4326,0.055,0.0
4327,0.036,0.0
4328,0.03,0.0
4329,0.028,0.0
4330,0.0,0.0
4331,0.0,0.0
4332,0.0,0.0
4333,0.0,0.0
4334,0.0,0.0
4335,0.0,0.0
4336,0.0,0.0
4337,0.0,0.0
4338,0.0,0.0
4339,0.0,0.0
4340,0.0,0.0
4341,0.0,0.0
4342,0.0,0.0
4343,0.0,0.0
4344,0.0,0.0
4345,0.0,0.0
4346,0.0,0.0
4347,0.0,0.0
4348,0.0,0.0
4349,0.0,0.0
4350,0.0,0.0
4351,0.0,0.0
4352,0.0,0.0
4353,0.0,0.0
4354,0.0,0.0
4355,0.0,0.0
4356,0.0,0.0
4357,0.0,0.0
4358,0.0,0.0
4359,0.0,0.0
4360,0.0,0.0
4361,0.0,0.0
4362,0.0,0.0
4363,0.0,0.0
4364,0.0,0.0
4365,0.0,0.0
4366,0.0,0.0
4367,0.0,0.0
4368,0.0,0.0
4369,0.0,0.0
4370,0.0,0.0
4371,0.0,0.0
4372,0.0,0.0
4373,0.0,0.0
4374,0.0,0.0
4375,0.0,0.0
4376,0.0,0.0
4377,0.0,0.0
4378,0.0,0.0
4379,0.0,0.0
4380,0.0,0.0
4381,0.0,0.0
4382,0.0,0.0
4383,0.0,0.0
4384,0.0,0.0
4385,0.0,0.0
4386,0.0,0.0
4387,0.0,0.0
4388,0.0,0.0
4389,0.0,0.0
4390,0.0,0.0
4391,0.0,0.0
4392,0.0,0.0
4393,0.0,0.0
4394,0.0,0.0
4395,0.0,0.0
4396,0.0,0.0
4397,0.0,0.0
4398,0.0,0.0
4399,0.0,0.0
4400,0.0,0.0
4401,0.0,0.0
4402,0.0,0.0
4403,0.0,0.0
4404,0.0,0.0
4405,0.0,0.0
4406,0.0,0.0
4407,0.0,0.0
4408,0.0,0.0
4409,0.0,0.0
4410,0.0,0.0
4411,0.0,0.0
4412,0.0,0.0
4413,0.0,0.0
4414,0.0,0.0
4415,0.0,0.0
4416,0.0,0.0
4417,0.0,0.0
4418,0.0,0.0
4419,0.0,0.0
4420,0.0,0.0
4421,0.0,0.0
4422,0.0,0.0
4423,0.0,0.0
4424,0.0,0.0
4425,0.0,0.0
4426,0.0,0.0
4427,0.0,0.0
4428,0.0,0.0
4429,0.0,0.0
4430,0.0,0.0
4431,0.0,0.0
4432,0.0,0.0
4433,0.0,0.0
4434,0.0,0.0
4435,0.0,0.0
4436,0.0,0.0
4437,0.0,0.0
4438,0.0,0.0
4439,0.0,0.0
4440,0.0,0.0
4441,0.0,0.0
4442,0.0,0.0
4443,0.0,0.0
4444,0.0,0.0
4445,0.0,0.0
4446,0.0,0.0
4447,0.0,0.0
4448,0.0,0.0
4449,0.0,0.0
4450,0.0,0.0
4451,0.0,0.0
4452,0.0,0.0
4453,0.0,0.0
4454,0.0,0.0
4455,0.0,0.0
4456,0.0,0.0
4457,0.0,0.0
4458,0.0,0.0
4459,0.0,0.0
4460,0.0,0.0
4461,0.0,0.0
4462,0.0,0.0
4463,0.0,0.0
4464,0.0,0.0
4465,0.0,0.0
4466,0.0,0.0
4467,0.0,0.0
4468,0.0,0.0
4469,0.0,0.0
4470,0.0,0.0
4471,0.0,0.0
4472,0.0,0.0
4473,0.0,0.0
4474,0.0,0.0
4475,0.0,0.0
4476,0.0,0.0
4477,0.0,0.0
4478,0.0,0.0
4479,0.0,0.0
4480,0.0,0.0
4481,0.0,0.0
4482,0.0,0.0
4483,0.0,0.0
4484,0.0,0.0
4485,0.0,0.0
4486,0.0,0.0
4487,0.0,0.0
4488,0.0,0.0
4489,0.0,0.0
4490,0.0,0.0
4491,0.0,0.0
4492,0.0,0.0
4493,0.0,0.0
4494,0.0,0.0
4495,0.0,0.0
4496,0.0,0.0
4497,0.142,0.014
4498,0.115,0.014
4499,0.134,0.014
4500,0.256,0.023
4501,0.291,0.028
4502,0.327,0.028
4503,0.15,0.023
4504,0.169,0.023
4505,0.166,0.023
4506,0.0,0.011
4507,0.0,0.019
4508,0.0,0.009
4509,1.341,0.009
4510,0.198,0.009
4511,0.192,0.009
4512,0.192,0.0
4513,1.321,0.0
4514,0.166,0.0
4515,0.169,0.0
4516,0.166,0.0
4517,0.172,0.0
4518,0.0,0.0
4519,0.0,0.0
4520,0.0,0.0
4521,0.0,0.0
4522,0.0,0.0
4523,0.0,0.0
4524,0.0,0.0
4525,0.0,0.0
4526,0.0,0.0
4527,0.0,0.0
4528,0.0,0.0
4529,0.0,0.0
4530,0.0,0.0
4531,0.0,0.0
4532,0.0,0.0
4533,0.0,0.0
4534,0.0,0.0
4535,0.0,0.0
4536,0.0,0.0
4537,0.0,0.0
4538,0.0,0.0
4539,0.0,0.0
4540,0.0,0.0
4541,0.0,0.0
4542,0.0,0.0
4543,0.0,0.0
4544,0.0,0.0
4545,0.0,0.0
4546,0.0,0.0
4547,0.0,0.0
4548,0.0,0.0
4549,0.0,0.0
4550,0.0,0.0
4551,0.0,0.0
4552,0.0,0.0
4553,0.0,0.0
4554,0.0,0.0
4555,0.106,0.01
4556,0.102,0.014
4557,0.209,0.018
4558,0.241,0.028
4559,0.263,0.028
4560,0.395,0.039
4561,0.393,0.042
4562,0.367,0.037
4563,0.389,0.052
4564,0.277,0.038
4565,0.399,0.055
4566,0.396,0.061
4567,0.365,0.056
4568,0.407,0.07
4569,0.267,0.062
4570,0.282,0.066
4571,0.435,0.08
4572,0.239,0.066
4573,0.34,0.077
4574,0.219,0.079
4575,0.242,0.084
4576,0.382,0.098
4577,0.386,0.099
4578,0.37,0.092
4579,0.384,0.108
4580,0.362,0.106
4581,0.402,0.117
4582,0.429,0.117
4583,0.298,0.109
4584,0.39,0.123
4585,0.223,0.113
4586,0.354,0.132
4587,0.219,0.127
4588,0.246,0.131
4589,0.244,0.131
4590,0.248,0.131
4591,0.365,0.141
4592,0.207,0.114
4593,0.235,0.122
4594,2.55,0.109
4595,0.307,0.099
4596,2.708,0.099
4597,0.608,0.081
4598,1.822,0.08
4599,1.873,0.062
4600,1.915,0.056
4601,1.891,0.047
4602,1.869,0.038
4603,2.045,0.026
4604,1.991,0.019
4605,2.088,0.009
4606,1.906,0.009
4607,0.855,0.009
4608,0.585,0.0
4609,1.808,0.0
4610,0.45,0.0
4611,0.467,0.0
4612,0.22,0.0
4613,0.213,0.0
4614,0.111,0.0
4615,0.12,0.0
4616,0.108,0.0
4617,0.0,0.0
4618,0.0,0.0
4619,0.0,0.0
4620,0.0,0.0
4621,0.0,0.0
4622,0.0,0.0
4623,0.0,0.0
4624,0.0,0.0
4625,0.0,0.0
4626,0.0,0.0
4627,0.0,0.0
4628,0.0,0.0
4629,0.0,0.0
4630,0.0,0.0
4631,0.0,0.0
4632,0.0,0.0
4633,0.0,0.0
4634,0.0,0.0
4635,0.0,0.0
4636,0.0,0.0
4637,0.0,0.0
4638,0.0,0.0
4639,0.0,0.0
4640,0.0,0.0
4641,0.0,0.0
4642,0.0,0.0
4643,0.0,0.0
4644,0.0,0.0
4645,0.097,0.007
4646,0.103,0.014
4647,0.217,0.02
4648,0.247,0.028
4649,0.28,0.028
4650,0.397,0.035
4651,0.242,0.041
4652,0.258,0.038
4653,0.375,0.048
4654,0.241,0.047
4655,0.325,0.048
4656,0.363,0.061
4657,0.256,0.049
4658,0.377,0.066
4659,0.372,0.07
4660,0.244,0.058
4661,0.355,0.071
4662,0.356,0.08
4663,0.337,0.07
4664,0.369,0.089
4665,0.256,0.079
4666,0.38,0.091
4667,0.377,0.099
4668,0.256,0.084
4669,0.342,0.096
4670,0.242,0.104
4671,0.285,0.103
4672,0.363,0.107
4673,0.24,0.11
4674,0.26,0.113
4675,0.378,0.119
4676,0.239,0.115
4677,0.273,0.122
4678,0.302,0.122
4679,0.133,0.116
4680,0.135,0.117
4681,0.14,0.112
4682,0.136,0.099
4683,0.0,0.094
4684,2.61,0.081
4685,0.207,0.075
4686,2.737,0.07
4687,0.468,0.056
4688,2.992,0.056
4689,0.763,0.038
4690,3.149,0.038
4691,0.762,0.028
4692,0.766,0.028
4693,1.739,0.019
4694,1.779,0.019
4695,0.521,0.009
4696,1.722,0.005
4697,0.503,0.0
4698,1.714,0.0
4699,0.513,0.0
4700,0.34,0.0
4701,0.307,0.0
4702,0.217,0.0
4703,0.247,0.0
4704,0.173,0.0
4705,0.082,0.0
4706,0.105,0.0
4707,0.0,0.0
4708,0.0,0.0
4709,0.0,0.0
4710,0.0,0.0
4711,0.0,0.0
4712,0.0,0.0
4713,0.0,0.0
4714,0.0,0.0
4715,0.0,0.0
4716,0.0,0.0
4717,0.0,0.0
4718,0.0,0.0
4719,0.0,0.0
4720,0.0,0.0
4721,0.0,0.0
4722,0.0,0.0
4723,0.0,0.0
4724,0.0,0.0
4725,0.0,0.0
4726,0.0,0.0
4727,0.0,0.0
4728,0.0,0.0
4729,0.0,0.0
4730,0.0,0.0
4731,0.0,0.0
4732,0.0,0.0
4733,0.0,0.0
4734,0.0,0.0
4735,0.0,0.0
4736,0.0,0.0
4737,0.0,0.0
4738,0.0,0.0
4739,0.0,0.0
4740,0.0,0.0
4741,0.0,0.0
4742,0.0,0.0
4743,0.0,0.0
4744,0.0,0.0
4745,0.0,0.0
4746,0.0,0.0
4747,0.0,0.0
4748,0.0,0.0
4749,0.0,0.0
4750,0.0,0.0
4751,0.0,0.0
4752,0.0,0.0
4753,0.0,0.0
4754,0.0,0.0
4755,0.0,0.0
4756,0.0,0.0
4757,0.0,0.0
4758,0.0,0.0
4759,0.0,0.0
4760,0.0,0.0
4761,0.0,0.0
4762,0.0,0.0
4763,0.0,0.0
4764,0.0,0.0
4765,0.0,0.0
4766,0.0,0.0
4767,0.0,0.0
4768,0.0,0.0
4769,0.0,0.0
4770,0.0,0.0
4771,0.0,0.0
4772,0.0,0.0
4773,0.0,0.0
4774,0.0,0.0
4775,0.0,0.0
4776,0.0,0.0
4777,0.0,0.0
4778,0.0,0.0
4779,0.0,0.0
4780,0.0,0.0
4781,0.0,0.0
4782,0.0,0.0
4783,0.0,0.0
4784,0.0,0.0
4785,0.0,0.0
4786,0.0,0.0
4787,0.0,0.0
4788,0.0,0.0
4789,0.0,0.0
4790,0.0,0.0
4791,0.0,0.0
4792,0.0,0.0
4793,0.0,0.0
4794,0.0,0.0
4795,0.0,0.0
4796,0.0,0.0
4797,0.0,0.0
4798,0.0,0.0
4799,0.0,0.0
4800,0.0,0.0
4801,0.0,0.0
4802,0.0,0.0
4803,0.0,0.0
4804,0.0,0.0
4805,0.0,0.0
4806,0.0,0.0
4807,0.0,0.0
4808,0.0,0.0
4809,0.0,0.0
4810,0.0,0.0
4811,0.0,0.0
4812,0.0,0.0
4813,0.0,0.0
4814,0.0,0.0
4815,0.0,0.0
4816,0.0,0.0
